-1.04,-0.03,-0.03,-0.06,0.95,0.31,1.68,16.01,27.11
-1.04,-0.03,-0.04,-0.09,0.92,0.31,2.39,15.94,26.55
-1.05,-0.03,-0.04,-0.12,0.92,0.31,2.43,16.29,26.36
-1.05,-0.03,-0.04,-0.03,0.98,0.27,2.55,16.24,26.47
-1.04,-0.03,-0.04,-0.12,0.92,0.34,2.3,16.15,26.52
-1.04,-0.03,-0.04,-0.06,0.92,0.34,2.47,16.17,26.71
-1.05,-0.03,-0.04,-0.15,0.98,0.31,2.37,16.3,26.88
-1.04,-0.03,-0.04,-0.09,0.92,0.34,2.46,16.2,27.18
-1.04,-0.03,-0.03,-0.06,0.89,0.31,2.78,16.18,26.5
-1.04,-0.03,-0.04,-0.12,0.92,0.27,2.36,16.41,27.32
-1.05,-0.03,-0.03,-0.03,0.89,0.27,2.66,16.19,26.99
-1.05,-0.03,-0.03,-0.06,0.92,0.4,2.43,16.29,27.54
-1.04,-0.03,-0.04,-0.06,0.82,0.37,2.82,16.09,27.26
-1.04,-0.03,-0.03,-0.09,0.89,0.21,2.38,16.14,27.19
-1.05,-0.03,-0.04,-0.12,0.89,0.34,2.42,16.39,27.42
-1.05,-0.03,-0.04,-0.12,0.82,0.34,2.49,16.47,27.02
-1.04,-0.03,-0.03,-0.09,0.92,0.46,2.54,16.49,27.28
-1.04,-0.03,-0.04,0.0,0.85,0.46,2.49,16.07,26.84
-1.05,-0.03,-0.04,-0.06,0.89,0.52,2.61,16.28,27.5
-1.04,-0.03,-0.03,-0.03,0.92,0.55,2.49,16.11,27.42
-1.06,-0.02,-0.03,0.03,-1.37,2.87,2.74,16.1,27.23
-1.04,-0.03,-0.04,-0.09,0.92,0.31,2.18,16.02,26.09
-1.04,-0.03,-0.03,0.0,0.98,0.34,2.74,16.08,27.09
-1.05,-0.03,-0.04,-0.09,0.89,0.31,2.21,16.09,26.44
-1.05,-0.03,-0.04,-0.09,0.89,0.31,2.46,15.97,26.94
-1.04,-0.03,-0.03,-0.09,0.92,0.34,2.33,15.86,26.8
-1.04,-0.03,-0.04,-0.12,0.85,0.43,2.45,15.97,27.0
-1.05,-0.03,-0.03,0.03,0.89,0.31,2.16,15.93,26.83
-1.05,-0.03,-0.03,-0.12,0.85,0.34,2.38,16.38,27.08
-1.04,-0.03,-0.03,0.0,0.79,0.43,2.19,15.81,27.07
-1.04,-0.03,-0.03,-0.12,0.89,0.34,2.33,16.18,27.54
-1.05,-0.03,-0.03,-0.09,0.85,0.34,2.27,16.0,26.67
-1.05,-0.03,-0.03,-0.03,0.95,0.37,2.48,16.2,26.25
-1.04,-0.03,-0.04,-0.09,0.82,0.37,2.4,15.98,26.38
-1.04,-0.03,-0.04,-0.03,0.95,0.34,2.46,16.07,26.86
-1.04,-0.03,-0.04,-0.03,0.92,0.37,2.27,15.56,26.19
-1.05,-0.02,-0.03,-0.09,2.11,-1.1,2.58,16.25,26.88
-1.04,-0.03,-0.03,-0.18,0.95,0.09,2.56,16.07,26.72
-1.05,-0.03,-0.03,-0.06,0.95,0.18,2.4,16.34,26.82
-1.04,-0.03,-0.03,-0.12,0.92,0.4,2.55,15.99,27.01
-1.04,-0.03,-0.04,-0.06,0.95,0.34,2.51,16.04,26.4
-1.05,-0.03,-0.04,-0.09,0.89,0.31,2.54,16.18,27.12
-1.04,-0.03,-0.03,-0.09,0.92,0.31,2.5,16.26,26.79
-1.04,-0.03,-0.04,-0.09,0.92,0.31,2.35,16.13,26.79
-1.04,-0.03,-0.03,-0.03,0.92,0.34,2.36,16.34,26.66
-1.05,-0.03,-0.04,-0.06,0.89,0.24,2.4,16.22,26.36
-1.04,-0.03,-0.03,-0.12,0.95,0.34,2.49,16.19,26.78
-1.04,-0.03,-0.03,-0.21,0.92,0.31,2.43,15.98,26.8
-1.04,-0.03,-0.04,-0.03,0.98,0.31,2.6,16.36,26.7
-1.04,-0.03,-0.03,-0.06,0.95,0.31,2.23,15.95,27.37
-1.04,-0.03,-0.04,-0.15,0.85,0.27,2.62,16.23,26.68
-1.04,-0.03,-0.03,-0.09,0.95,0.31,2.45,15.87,26.66
-1.05,-0.03,-0.03,-0.09,0.89,0.34,2.52,15.98,26.43
-1.04,-0.03,-0.04,-0.06,0.92,0.31,2.5,15.86,26.25
-1.04,-0.03,-0.03,-0.12,0.89,0.37,2.74,16.07,26.13
-1.04,-0.03,-0.03,-0.03,0.98,0.31,2.6,16.02,26.32
-1.04,-0.03,-0.04,-0.15,0.95,0.21,2.69,15.99,26.07
-1.04,-0.03,-0.03,-0.12,0.82,0.27,2.65,15.94,25.94
-1.05,-0.03,-0.03,-0.09,0.89,0.31,2.45,16.03,26.52
-1.05,-0.03,-0.04,-0.03,0.92,0.34,2.64,16.02,26.08
-1.04,-0.03,-0.03,-0.21,0.85,0.21,2.51,16.05,26.47
-1.04,-0.03,-0.03,-0.21,0.92,0.34,2.51,15.83,26.93
-1.04,-0.04,-0.03,-1.34,0.92,0.34,2.62,16.31,26.47
-1.05,0.01,-0.06,-21.15,0.37,0.4,3.02,16.2,26.86
-1.04,-0.03,-0.03,-0.06,0.95,0.34,3.25,16.23,26.88
-1.04,-0.03,-0.04,0.03,0.92,0.37,3.31,16.19,26.84
-1.05,-0.03,-0.04,-0.06,0.98,0.4,3.26,16.33,26.35
-1.05,-0.03,-0.03,-0.06,0.95,0.27,3.33,16.06,26.26
-1.05,-0.03,-0.03,-0.12,0.82,0.31,3.15,16.0,26.9
-1.04,-0.03,-0.03,-0.03,0.89,0.27,3.13,16.32,26.78
-1.04,-0.03,-0.04,-0.09,0.89,0.34,2.9,16.28,27.1
-1.04,-0.03,-0.03,-0.06,0.92,0.37,3.3,15.93,27.3
-1.05,-0.03,-0.04,-0.09,0.92,0.37,2.84,16.15,27.59
-1.04,-0.03,-0.03,-0.06,0.85,0.43,3.0,16.4,26.97
-1.04,-0.03,-0.04,-0.06,0.85,0.31,2.94,15.96,26.9
-1.04,-0.03,-0.04,-0.09,0.92,0.4,3.2,16.32,27.11
-1.05,-0.03,-0.04,-0.03,0.92,0.37,3.12,16.24,27.11
-1.04,-0.03,-0.03,-0.06,0.92,0.31,3.05,16.18,27.2
-1.04,-0.03,-0.04,-0.15,0.85,0.37,3.08,16.26,27.02
-1.04,-0.03,-0.04,-0.15,0.92,0.4,3.11,16.31,27.55
-1.04,-0.03,-0.04,-0.06,1.01,0.37,3.23,16.09,27.33
-1.04,-0.03,-0.04,-0.09,1.01,0.34,3.17,15.9,27.21
-1.05,-0.03,-0.03,-0.12,0.89,0.24,2.99,15.97,27.7
-1.04,-0.03,-0.04,-0.09,0.98,0.24,3.01,16.15,27.27
-1.04,-0.03,-0.04,-0.12,0.89,0.27,3.41,16.4,26.8
-1.04,-0.03,-0.03,-0.06,0.89,0.24,3.29,16.07,27.44
-1.04,-0.03,-0.03,-0.09,0.95,0.37,3.26,16.32,26.85
-1.04,-0.03,-0.03,-0.06,0.95,0.12,3.26,16.13,26.84
-1.05,-0.03,-0.03,-0.12,0.92,0.24,3.3,16.11,27.35
-1.04,-0.03,-0.04,-0.06,0.98,0.34,3.2,16.21,27.26
-1.04,-0.03,-0.03,-0.06,0.89,0.37,3.1,16.12,26.87
-1.04,-0.03,-0.04,-0.12,0.92,0.31,3.04,16.28,27.08
-1.04,-0.03,-0.03,-0.09,0.95,0.34,3.11,16.13,27.33
-1.04,-0.03,-0.03,-0.09,0.98,0.37,3.07,16.09,26.99
-1.04,-0.03,-0.03,-0.12,0.89,0.27,2.96,16.43,27.54
-1.04,-0.03,-0.04,-0.06,0.85,0.37,3.07,16.02,26.92
-1.04,-0.03,-0.04,-0.09,0.89,0.37,3.1,16.26,26.81
-1.04,-0.03,-0.04,-0.06,0.95,0.37,2.96,16.17,26.86
-1.04,-0.03,-0.03,-0.09,0.85,0.34,2.91,16.43,26.73
-1.04,-0.03,-0.04,-0.03,0.95,0.27,2.97,16.12,26.82
-1.05,-0.03,-0.03,-0.21,0.89,0.27,2.61,16.26,26.95
-1.05,-0.03,-0.04,-0.09,0.92,0.34,2.53,16.14,27.43
-1.04,-0.03,-0.04,-0.09,0.82,0.31,3.08,16.52,27.43
-1.05,-0.03,-0.03,-0.15,0.85,0.27,3.12,16.22,26.78
-1.04,-0.03,-0.04,-0.15,0.89,0.37,3.06,16.46,26.91
-1.04,-0.03,-0.03,-0.06,0.95,0.31,3.05,16.27,26.53
-1.04,-0.03,-0.04,-0.09,0.82,0.31,2.99,16.29,27.38
-1.04,-0.03,-0.04,-0.15,0.89,0.43,3.01,16.25,27.06
-1.05,-0.03,-0.03,-0.06,0.95,0.37,3.29,16.06,27.18
-1.04,-0.03,-0.03,-0.09,0.89,0.31,3.13,16.36,27.69
-1.05,-0.03,-0.03,-0.03,0.92,0.34,3.15,16.33,27.28
-1.04,-0.03,-0.03,-0.03,0.92,0.34,3.05,16.26,27.21
-1.04,-0.03,-0.04,-0.09,0.95,0.37,3.03,16.43,27.73
-1.04,-0.03,-0.04,-0.03,0.79,0.4,2.84,16.07,27.4
-1.05,-0.03,-0.03,-0.06,1.01,0.27,3.02,16.23,27.28
-1.04,-0.03,-0.03,-0.15,0.92,0.27,2.86,16.1,27.41
-1.04,-0.03,-0.04,-0.15,0.82,0.24,2.71,16.06,27.77
-1.04,-0.03,-0.03,-0.06,0.98,0.34,2.98,16.22,27.27
-1.04,-0.03,-0.04,-0.12,0.89,0.31,2.9,16.29,27.34
-1.05,-0.03,-0.03,-0.09,0.92,0.27,2.65,15.84,27.35
-1.04,-0.03,-0.03,-0.09,0.92,0.34,2.9,16.13,27.22
-1.04,-0.03,-0.03,-0.09,0.98,0.27,2.89,15.97,26.88
-1.04,-0.03,-0.03,-0.12,0.92,0.34,3.11,15.91,27.04
-1.05,-0.03,-0.04,-0.06,0.92,0.34,2.79,16.22,27.15
-1.04,-0.03,-0.03,-0.06,0.95,0.27,2.9,16.29,27.01
-1.04,-0.03,-0.04,-0.06,0.98,0.37,3.09,16.2,27.55
-1.04,-0.03,-0.03,-0.09,0.89,0.4,2.97,16.41,26.83
-1.04,-0.03,-0.04,-0.18,0.95,0.43,3.02,16.34,27.39
-1.04,-0.03,-0.04,-0.12,0.85,0.31,3.01,16.3,26.57
-1.04,-0.03,-0.04,-0.15,0.89,0.31,3.18,16.34,27.11
-1.04,-0.03,-0.03,-0.12,0.85,0.31,2.9,16.29,26.85
-1.04,-0.03,-0.04,0.03,0.89,0.4,3.21,16.25,26.83
-1.04,-0.03,-0.04,-0.03,0.85,0.34,3.08,16.14,27.17
-1.04,-0.03,-0.04,-0.06,0.95,0.24,2.79,16.21,27.67
-1.05,-0.03,-0.03,-0.09,0.95,0.27,3.0,16.23,27.06
-1.04,-0.03,-0.04,-0.06,0.92,0.31,2.89,16.34,26.68
-1.04,-0.03,-0.04,-0.15,0.85,0.27,2.8,16.2,26.56
-1.05,-0.03,-0.04,-0.12,0.85,0.34,2.91,16.21,27.4
-1.04,-0.03,-0.04,-0.03,0.95,0.31,3.08,16.09,27.1
-1.05,-0.03,-0.03,-0.06,0.89,0.34,2.98,16.41,27.62
-1.05,-0.03,-0.04,-0.09,0.92,0.27,3.1,16.5,27.11
-1.04,-0.03,-0.04,-0.03,0.92,0.37,3.21,16.43,27.03
-1.05,-0.03,-0.04,-0.09,0.95,0.34,3.13,16.32,27.46
-1.04,-0.03,-0.04,-0.09,0.89,0.34,2.79,16.34,27.93
-1.05,-0.03,-0.03,-0.09,0.85,0.37,3.04,16.3,27.52
-1.04,-0.03,-0.03,-0.12,0.82,0.34,3.23,16.29,27.14
-1.04,-0.03,-0.04,-0.06,0.95,0.37,2.79,16.42,27.02
-1.04,-0.03,-0.04,-0.09,0.92,0.27,2.92,16.61,27.18
-1.04,-0.03,-0.04,-0.12,0.79,0.34,2.91,16.5,26.62
-1.04,-0.03,-0.04,-0.12,0.89,0.37,2.87,16.44,26.88
-1.04,-0.03,-0.03,-0.06,0.92,0.31,3.05,16.17,27.1
-1.04,-0.03,-0.04,-0.06,0.92,0.27,3.21,16.34,27.18
-1.04,-0.03,-0.04,-0.03,0.85,0.24,3.08,16.14,27.38
-1.05,-0.03,-0.03,-0.09,0.89,0.27,2.9,16.28,27.22
-1.04,-0.03,-0.03,-0.09,0.92,0.34,3.08,16.12,27.31
-1.05,-0.03,-0.03,-0.12,0.95,0.34,2.96,16.29,27.31
-1.04,-0.03,-0.04,-0.18,0.92,0.43,2.91,16.04,27.65
-1.04,-0.03,-0.04,-0.15,0.95,0.27,3.1,16.29,27.43
-1.04,-0.03,-0.03,-0.06,0.92,0.37,2.84,16.25,27.61
-1.04,-0.03,-0.04,-0.06,0.95,0.37,2.82,16.25,27.75
-1.04,-0.03,-0.03,-0.09,0.95,0.27,2.86,16.17,27.16
-1.05,-0.03,-0.04,-0.12,0.92,0.34,3.01,16.37,26.83
-1.04,-0.03,-0.04,-0.12,0.85,0.37,2.97,16.44,26.69
-1.05,-0.03,-0.04,-0.06,0.82,0.34,3.04,16.11,27.13
-1.04,-0.03,-0.03,-0.09,0.92,0.37,3.16,16.33,27.11
-1.04,-0.03,-0.04,0.0,0.95,0.4,3.05,16.15,26.54
-1.04,-0.03,-0.04,-0.03,0.89,0.34,3.09,16.3,27.49
-1.04,-0.03,-0.04,-0.03,0.89,0.37,3.14,16.36,27.15
-1.05,-0.03,-0.04,-0.03,0.95,0.37,3.19,16.39,27.41
-1.04,-0.03,-0.04,-0.12,0.92,0.34,3.02,16.15,27.38
-1.04,-0.03,-0.03,-0.09,0.82,0.34,3.16,16.22,26.8
-1.04,-0.03,-0.04,-0.03,0.82,0.37,2.94,15.98,27.24
-1.04,-0.03,-0.03,-0.06,0.92,0.37,3.26,16.38,27.0
-1.05,-0.03,-0.04,-0.12,0.89,0.27,3.34,16.0,26.32
-1.04,-0.03,-0.03,-0.09,0.95,0.37,3.06,16.23,26.6
-1.04,-0.03,-0.04,-0.03,0.92,0.34,2.93,16.2,26.72
-1.04,-0.03,-0.03,-0.18,0.82,0.34,3.33,16.25,26.48
-1.04,-0.03,-0.03,0.03,0.85,0.31,3.01,15.99,26.98
-1.04,-0.03,-0.04,-0.06,0.85,0.31,3.33,16.34,26.79
-1.04,-0.03,-0.04,-0.03,0.92,0.27,3.21,16.01,27.02
-1.04,-0.03,-0.04,-0.12,0.89,0.27,3.27,16.15,26.6
-1.04,-0.03,-0.03,-0.12,0.92,0.34,3.0,15.76,26.38
-1.04,-0.03,-0.03,-0.06,0.95,0.27,3.08,16.13,26.27
-1.04,-0.03,-0.03,-0.06,0.92,0.24,3.06,16.11,26.47
-1.04,-0.03,-0.03,-0.12,0.92,0.37,3.37,16.25,26.44
-1.04,-0.03,-0.04,-0.09,0.89,0.31,3.11,15.99,26.99
-1.04,-0.03,-0.04,-0.12,1.04,0.4,3.18,16.06,27.79
-1.04,-0.03,-0.03,-0.03,0.89,0.4,3.18,16.1,27.33
-1.04,-0.03,-0.03,-0.15,0.89,0.31,3.1,16.35,26.85
-1.04,-0.03,-0.04,-0.09,0.92,0.27,3.05,16.29,27.24
-1.05,-0.03,-0.04,-0.06,0.95,0.18,3.46,16.38,26.94
-1.04,-0.03,-0.03,-0.06,0.92,0.27,3.2,16.02,26.86
-1.05,-0.03,-0.04,-0.06,0.95,0.27,3.14,16.06,27.9
-1.05,-0.03,-0.04,-0.06,0.92,0.37,3.28,16.38,27.22
-1.05,-0.03,-0.04,-0.09,0.95,0.34,3.09,16.31,27.82
-1.05,-0.03,-0.04,-0.15,0.89,0.31,3.02,16.18,27.48
-1.04,-0.03,-0.04,-0.09,0.92,0.27,3.19,16.34,27.72
-1.04,-0.03,-0.04,-0.09,0.95,0.34,3.4,16.35,27.56
-1.04,-0.03,-0.04,-0.06,0.92,0.31,3.06,16.2,27.56
-1.05,-0.03,-0.03,-0.12,0.85,0.34,3.12,16.04,27.53
-1.05,-0.03,-0.04,-0.12,0.92,0.31,2.87,15.9,27.17
-1.05,-0.03,-0.04,-0.06,0.85,0.27,2.97,15.97,27.41
-1.04,-0.03,-0.04,-0.09,0.89,0.34,3.19,15.89,27.96
-1.04,-0.03,-0.04,-0.03,1.01,0.43,3.23,16.33,27.78
-1.05,-0.03,-0.04,0.0,0.89,0.34,3.08,15.92,27.7
-1.05,-0.03,-0.04,-0.09,0.92,0.37,3.17,16.31,27.74
-1.04,-0.03,-0.04,-0.06,0.89,0.24,2.99,16.17,27.12
-1.04,-0.03,-0.04,-0.09,0.89,0.34,3.12,16.48,27.17
-1.04,-0.03,-0.04,-0.09,0.92,0.37,3.02,16.12,27.69
-1.04,-0.03,-0.03,0.0,0.92,0.34,3.11,16.47,27.84
-1.04,-0.03,-0.03,-0.06,0.98,0.31,2.96,16.24,27.37
-1.04,-0.03,-0.04,-0.06,0.95,0.4,2.91,16.1,27.04
-1.05,-0.03,-0.04,-0.09,0.89,0.27,2.93,16.06,27.63
-1.04,-0.03,-0.04,-0.09,0.95,0.31,2.68,16.36,27.64
-1.04,-0.03,-0.03,-0.09,0.92,0.27,2.85,16.09,27.13
-1.04,-0.03,-0.04,-0.12,0.89,0.4,3.05,16.19,27.43
-1.04,-0.03,-0.03,-0.12,0.92,0.49,3.15,16.07,27.99
-1.05,-0.03,-0.04,-0.12,0.92,0.31,3.35,16.29,28.11
-1.04,-0.03,-0.04,-0.06,0.89,0.37,3.01,15.84,27.72
-1.04,-0.03,-0.04,0.0,0.89,0.4,3.3,16.1,27.47
-1.04,-0.03,-0.04,-0.03,0.89,0.31,2.84,16.09,26.76
-1.04,-0.03,-0.03,-0.09,0.92,0.31,3.06,16.34,27.39
-1.05,-0.03,-0.03,-0.03,0.89,0.34,3.02,16.0,26.99
-1.05,-0.03,-0.04,-0.06,0.92,0.24,3.0,16.23,27.45
-1.04,-0.03,-0.04,-0.03,0.98,0.37,3.12,16.07,27.05
-1.04,-0.03,-0.04,-0.06,0.95,0.27,3.17,16.13,27.62
-1.04,-0.03,-0.03,-0.09,0.89,0.37,3.09,16.06,27.16
-1.04,-0.03,-0.04,-0.03,0.89,0.4,3.17,16.15,27.19
-1.04,-0.03,-0.04,-0.09,0.92,0.34,2.78,16.06,27.1
-1.04,-0.03,-0.04,-0.06,0.92,0.31,3.35,15.94,27.23
-1.04,-0.02,-0.04,0.0,0.85,0.31,3.01,15.78,27.68
-1.05,-0.03,-0.03,0.0,0.85,0.34,3.2,15.99,27.89
-1.05,-0.03,-0.04,-0.09,0.98,0.24,2.78,16.06,27.01
-1.04,-0.03,-0.03,-0.09,0.89,0.24,3.07,16.08,27.39
-1.04,-0.03,-0.04,-0.09,0.98,0.34,3.22,16.13,27.73
-1.05,-0.03,-0.04,-0.12,0.92,0.24,3.04,16.15,27.1
-1.04,-0.03,-0.04,-0.12,0.95,0.31,3.2,16.47,27.2
-1.04,-0.03,-0.04,-0.06,0.89,0.34,3.21,16.39,27.13
-1.04,-0.03,-0.03,-0.06,0.98,0.34,2.88,16.33,26.65
-1.04,-0.03,-0.04,-0.09,0.98,0.24,3.22,16.33,26.93
-1.04,-0.03,-0.04,-0.09,0.98,0.34,2.99,16.28,26.73
-1.04,-0.03,-0.04,-0.06,0.85,0.31,3.25,16.53,27.17
-1.04,-0.03,-0.04,-0.06,0.85,0.34,3.29,16.34,27.32
-1.05,-0.03,-0.04,-0.06,0.89,0.34,3.3,16.27,27.32
-1.04,-0.03,-0.03,-0.15,0.89,0.31,3.25,16.19,26.74
-1.04,-0.03,-0.03,-0.06,0.98,0.34,3.01,16.06,27.32
-1.05,-0.03,-0.04,-0.12,0.89,0.31,3.25,16.21,26.87
-1.05,-0.03,-0.03,-0.12,0.89,0.31,3.03,15.88,27.02
-1.04,-0.03,-0.04,-0.06,0.98,0.37,3.24,16.11,27.56
-1.04,-0.03,-0.04,0.0,0.92,0.37,3.02,16.04,26.39
-1.04,-0.03,-0.04,-0.09,0.92,0.4,3.16,16.51,27.16
-1.05,-0.03,-0.04,-0.06,0.92,0.34,2.87,16.05,27.5
-1.05,-0.03,-0.03,-0.12,0.89,0.31,3.12,16.42,27.31
-1.04,-0.03,-0.03,-0.09,1.01,0.34,3.05,16.49,27.98
-1.04,-0.03,-0.03,-0.03,0.89,0.37,3.13,16.32,27.24
-1.04,-0.03,-0.03,-0.15,0.98,0.31,3.13,15.95,27.97
-1.04,-0.03,-0.03,-0.09,0.82,0.31,2.98,16.19,27.47
-1.04,-0.03,-0.03,-0.09,0.92,0.34,2.9,16.24,27.81
-1.04,-0.03,-0.03,-0.15,0.85,0.31,3.28,16.2,27.61
-1.04,-0.03,-0.03,-0.09,0.82,0.24,3.33,16.0,27.09
-1.05,-0.03,-0.03,-0.12,0.92,0.31,3.22,16.25,27.23
-1.04,-0.03,-0.03,-0.12,0.85,0.37,3.15,16.17,27.22
-1.04,-0.03,-0.04,-0.06,0.95,0.31,2.99,16.31,27.6
-1.04,-0.03,-0.03,-0.03,0.92,0.31,3.19,16.03,27.38
-1.05,-0.03,-0.03,-0.09,0.85,0.34,3.04,16.05,27.56
-1.04,-0.03,-0.03,-0.12,0.85,0.34,3.08,16.13,27.25
-1.04,-0.03,-0.03,-0.09,0.85,0.27,3.02,15.85,27.55
-1.04,-0.03,-0.03,-0.12,0.89,0.34,2.98,16.26,26.92
-1.04,-0.03,-0.03,-0.03,0.89,0.37,2.83,16.07,27.31
-1.04,-0.03,-0.04,-0.03,0.98,0.34,3.11,16.39,27.63
-1.04,-0.03,-0.04,-0.03,0.89,0.27,3.14,16.05,27.27
-1.04,-0.03,-0.04,-0.09,0.92,0.34,3.09,16.07,27.4
-1.04,-0.03,-0.03,-0.03,0.92,0.37,3.39,16.12,27.11
-1.04,-0.03,-0.04,-0.03,0.92,0.37,3.37,16.15,27.53
-1.04,-0.03,-0.03,-0.06,0.92,0.34,3.36,16.2,27.25
-1.04,-0.03,-0.04,-0.09,0.92,0.4,3.48,16.14,27.27
-1.04,-0.03,-0.04,0.0,0.92,0.34,3.31,15.94,27.08
-1.04,-0.03,-0.03,-0.12,0.98,0.37,3.37,16.27,27.48
-1.04,-0.03,-0.03,-0.06,0.85,0.31,3.12,16.04,27.39
-1.05,-0.03,-0.04,-0.06,0.89,0.43,3.24,16.37,27.47
-1.04,-0.03,-0.03,-0.12,0.95,0.27,3.0,16.02,27.24
-1.04,-0.03,-0.04,-0.15,0.98,0.46,3.3,16.37,27.47
-1.04,-0.03,-0.03,-0.09,0.89,0.37,2.95,16.23,27.4
-1.05,-0.03,-0.03,-0.09,0.95,0.34,3.26,16.25,26.9
-1.04,-0.03,-0.03,-0.15,0.92,0.34,3.1,15.95,27.17
-1.04,-0.03,-0.03,-0.09,0.98,0.34,3.26,16.26,27.14
-1.04,-0.03,-0.04,-0.06,0.95,0.24,3.01,16.3,27.32
-1.04,-0.03,-0.04,-0.03,0.92,0.27,3.08,16.35,26.63
-1.04,-0.03,-0.03,-0.15,0.95,0.4,3.07,16.2,27.29
-1.04,-0.03,-0.04,-0.06,0.89,0.34,3.18,16.39,27.6
-1.05,-0.03,-0.04,-0.06,0.92,0.37,3.34,16.34,27.34
-1.04,-0.03,-0.04,-0.09,0.92,0.31,3.19,16.48,27.74
-1.04,-0.03,-0.04,0.0,0.92,0.4,2.71,16.32,27.71
-1.04,-0.03,-0.04,-0.12,0.85,0.34,3.05,16.46,28.26
-1.04,-0.03,-0.04,-0.12,1.04,0.31,3.14,16.19,28.06
-1.04,-0.03,-0.04,-0.12,0.92,0.4,3.11,16.3,28.05
-1.05,-0.03,-0.03,-0.15,0.95,0.43,3.0,15.91,27.62
-1.04,-0.03,-0.03,-0.09,0.92,0.27,2.84,16.26,27.57
-1.04,-0.03,-0.03,-0.12,0.85,0.34,2.88,16.3,27.56
-1.04,-0.03,-0.03,-0.09,0.95,0.34,3.33,16.26,27.91
-1.05,-0.03,-0.03,-0.09,1.04,0.34,2.48,15.86,27.86
-1.05,-0.03,-0.04,-0.06,0.92,0.34,2.59,16.06,27.28
-1.04,-0.03,-0.03,-0.06,0.92,0.34,2.72,16.12,27.33
-1.05,-0.03,-0.04,0.0,0.89,0.37,2.9,16.16,27.25
-1.04,-0.03,-0.03,-0.12,0.92,0.4,3.03,16.19,27.48
-1.04,-0.03,-0.03,-0.09,0.95,0.34,3.11,16.33,27.25
-1.04,-0.03,-0.04,-0.09,0.92,0.31,3.27,16.05,27.67
-1.04,-0.03,-0.04,0.0,0.98,0.31,3.05,16.55,28.02
-1.04,-0.03,-0.04,-0.06,0.85,0.34,3.08,16.11,27.29
-1.04,-0.03,-0.04,-0.06,0.95,0.37,3.41,16.19,27.4
-1.04,-0.03,-0.04,-0.06,0.95,0.4,3.01,15.98,27.78
-1.04,-0.03,-0.03,-0.09,0.89,0.24,3.29,16.52,27.9
-1.04,-0.03,-0.04,-0.09,0.95,0.37,3.26,16.16,27.75
-1.05,-0.03,-0.04,-0.09,0.92,0.24,3.38,16.39,27.27
-1.04,-0.03,-0.04,-0.09,0.98,0.37,3.13,16.38,27.7
-1.04,-0.03,-0.04,-0.09,0.85,0.4,3.18,16.31,26.94
-1.04,-0.03,-0.04,-0.12,0.89,0.21,3.06,16.27,26.99
-1.04,-0.03,-0.03,0.0,0.89,0.4,3.22,16.52,28.02
-1.04,-0.03,-0.03,-0.12,0.95,0.27,3.28,16.34,27.33
-1.04,-0.03,-0.03,-0.03,0.92,0.31,3.03,16.45,27.38
-1.04,-0.03,-0.04,-0.12,0.89,0.34,3.21,16.09,27.11
-1.04,-0.03,-0.03,-0.12,0.92,0.34,3.17,16.48,27.8
-1.04,-0.03,-0.03,-0.06,0.95,0.27,3.14,16.12,27.63
-1.04,-0.03,-0.03,-0.03,0.92,0.34,2.95,16.08,27.66
-1.05,-0.03,-0.03,-0.03,0.85,0.4,3.23,16.04,27.15
-1.05,-0.03,-0.04,-0.09,0.89,0.37,3.04,16.35,27.77
-1.05,-0.03,-0.03,-0.09,0.92,0.27,3.16,16.31,27.42
-1.04,-0.03,-0.03,-0.12,0.92,0.18,3.25,16.61,27.68
-1.04,-0.03,-0.03,-0.03,0.95,0.31,3.28,16.55,27.5
-1.04,-0.03,-0.04,-0.12,0.89,0.37,3.48,16.49,27.8
-1.04,-0.03,-0.03,-0.09,0.95,0.4,3.33,16.35,27.65
-1.05,-0.03,-0.04,-0.03,0.92,0.34,3.34,16.35,27.65
-1.04,-0.03,-0.03,0.0,0.89,0.31,3.42,16.17,27.63
-1.04,-0.03,-0.03,-0.09,0.95,0.34,3.24,16.3,27.4
-1.04,-0.03,-0.04,-0.15,0.95,0.31,3.25,16.3,27.44
-1.04,-0.03,-0.04,-0.03,0.89,0.4,3.36,16.11,27.41
-1.04,-0.03,-0.03,-0.06,0.95,0.31,3.29,15.94,27.48
-1.04,-0.03,-0.04,-0.09,1.01,0.37,3.26,16.14,26.92
-1.04,-0.03,-0.04,-0.12,0.89,0.31,3.28,16.01,27.68
-1.04,-0.03,-0.04,-0.09,0.89,0.34,3.32,16.17,27.25
-1.04,-0.03,-0.04,-0.12,0.95,0.24,3.36,16.22,27.68
-1.04,-0.03,-0.04,-0.12,0.95,0.34,3.28,16.36,27.65
-1.04,-0.03,-0.03,-0.09,0.92,0.43,3.06,16.07,27.12
-1.04,-0.03,-0.04,-0.09,0.95,0.24,3.34,16.44,27.55
-1.04,-0.03,-0.04,-0.03,0.89,0.34,3.13,15.97,27.34
-1.04,-0.03,-0.03,-0.09,0.82,0.31,3.12,16.49,27.55
-1.05,-0.03,-0.04,-0.09,0.92,0.37,3.16,15.9,27.62
-1.04,-0.03,-0.04,-0.06,0.89,0.43,3.16,16.23,27.67
-1.04,-0.03,-0.04,-0.12,0.92,0.37,2.98,15.92,27.83
-1.04,-0.03,-0.03,-0.03,0.95,0.27,3.15,16.24,27.7
-1.05,-0.03,-0.03,-0.06,0.82,0.37,3.08,15.97,27.13
-1.05,-0.03,-0.03,-0.12,0.89,0.34,3.28,16.16,27.65
-1.04,-0.03,-0.04,-0.09,0.85,0.31,2.95,16.13,27.2
-1.04,-0.03,-0.03,-0.15,0.89,0.34,3.13,16.1,27.51
-1.05,-0.03,-0.04,-0.12,0.92,0.34,3.13,16.17,27.27
-1.04,-0.03,-0.04,-0.09,0.92,0.27,2.98,16.23,27.79
-1.04,-0.03,-0.03,-0.09,0.79,0.34,3.05,15.91,27.07
-1.04,-0.03,-0.03,0.0,0.92,0.34,3.07,16.55,27.22
-1.04,-0.03,-0.04,-0.09,0.92,0.34,3.21,16.22,27.14
-1.04,-0.03,-0.04,-0.03,0.98,0.24,3.26,16.26,27.44
-1.04,-0.03,-0.04,-0.12,0.95,0.31,3.14,16.14,27.22
-1.04,-0.03,-0.04,-0.09,0.95,0.21,3.3,16.24,27.81
-1.04,-0.03,-0.03,-0.12,0.92,0.4,3.13,15.84,27.65
-1.04,-0.03,-0.04,-0.09,0.89,0.27,3.17,16.23,27.8
-1.04,-0.03,-0.04,-0.12,0.92,0.31,3.04,16.19,27.44
-1.04,-0.03,-0.04,0.0,0.92,0.31,2.97,16.43,27.37
-1.04,-0.03,-0.03,-0.06,0.89,0.31,3.0,16.23,27.23
-1.04,-0.03,-0.03,-0.12,0.85,0.34,3.32,16.17,28.0
-1.04,-0.03,-0.03,-0.12,0.85,0.34,3.07,16.23,27.26
-1.04,-0.03,-0.03,-0.12,0.98,0.37,3.15,16.29,27.75
-1.05,-0.03,-0.04,-0.03,0.89,0.34,3.04,16.1,27.36
-1.04,-0.03,-0.04,-0.09,0.89,0.37,3.05,16.07,26.99
-1.04,-0.03,-0.04,-0.03,0.95,0.37,2.96,16.06,26.88
-1.04,-0.03,-0.04,-0.03,0.89,0.37,3.03,16.29,27.71
-1.04,-0.03,-0.04,-0.09,0.89,0.37,3.11,16.11,27.46
-1.04,-0.03,-0.03,-0.09,0.92,0.4,3.12,16.43,27.55
-1.05,-0.03,-0.03,-0.06,0.92,0.27,2.96,16.26,27.08
-1.04,-0.03,-0.04,-0.06,0.92,0.31,3.41,16.27,27.08
-1.04,-0.03,-0.04,-0.06,0.82,0.31,2.96,16.08,27.22
-1.04,-0.03,-0.04,-0.03,0.95,0.4,3.19,16.26,27.38
-1.04,-0.03,-0.04,-0.06,0.89,0.37,3.39,16.15,27.03
-1.04,-0.03,-0.04,-0.06,0.98,0.4,3.22,16.56,27.37
-1.04,-0.03,-0.04,-0.06,0.85,0.34,3.08,16.31,27.81
-1.04,-0.03,-0.03,-0.06,0.92,0.34,3.23,16.41,26.92
-1.04,-0.03,-0.04,0.0,0.95,0.34,3.23,16.09,26.79
-1.04,-0.03,-0.04,-0.06,0.85,0.31,3.13,16.58,26.35
-1.04,-0.03,-0.03,-0.06,0.98,0.34,2.94,16.03,27.03
-1.04,-0.03,-0.04,-0.03,0.85,0.37,3.11,16.21,27.12
-1.04,-0.03,-0.04,-0.09,0.82,0.34,3.12,16.08,27.08
-1.04,-0.03,-0.03,-0.09,0.85,0.34,3.17,16.29,27.69
-1.05,-0.03,-0.04,-0.06,0.89,0.24,3.22,16.03,26.82
-1.04,-0.03,-0.04,-0.06,0.95,0.34,3.17,16.35,26.62
-1.05,-0.03,-0.03,-0.09,0.89,0.31,3.14,16.19,27.09
-1.04,-0.03,-0.03,-0.15,0.89,0.34,3.18,16.26,26.93
-1.05,-0.03,-0.03,-0.09,0.92,0.46,3.16,16.24,26.96
-1.04,-0.03,-0.03,-0.03,0.89,0.37,3.22,16.29,27.47
-1.04,-0.03,-0.04,-0.12,0.92,0.37,3.28,16.37,27.65
-1.04,-0.03,-0.04,-0.03,0.92,0.34,3.3,16.38,26.98
-1.04,-0.03,-0.03,-0.06,0.95,0.34,3.13,16.19,27.54
-1.05,-0.03,-0.04,-0.12,0.85,0.34,3.18,16.18,27.39
-1.04,-0.03,-0.03,-0.12,0.98,0.34,2.93,16.2,27.83
-1.04,-0.03,-0.04,-0.06,0.92,0.37,3.32,16.37,26.69
-1.04,-0.03,-0.04,-0.06,0.85,0.27,3.57,16.09,27.22
-1.04,-0.03,-0.04,-0.12,0.89,0.24,3.35,16.23,27.1
-1.04,-0.03,-0.04,-0.06,0.95,0.4,3.37,16.21,27.05
-1.04,-0.03,-0.03,-0.09,0.89,0.27,3.13,15.94,27.56
-1.04,-0.03,-0.04,-0.12,0.92,0.37,3.24,16.03,27.63
-1.04,-0.03,-0.04,-0.06,0.92,0.21,3.17,16.12,26.71
-1.04,-0.03,-0.03,-0.06,0.92,0.31,3.25,16.13,26.41
-1.04,-0.03,-0.04,-0.12,0.89,0.43,2.93,16.26,26.65
-1.04,-0.03,-0.04,-0.06,0.92,0.34,3.16,16.1,27.38
-1.05,-0.03,-0.04,-0.18,0.92,0.27,3.23,16.04,26.59
-1.04,-0.03,-0.03,-0.09,0.85,0.24,3.13,15.97,27.22
-1.05,-0.03,-0.04,-0.09,0.95,0.27,3.22,16.07,27.01
-1.05,-0.03,-0.03,-0.06,0.92,0.27,2.83,16.05,27.01
-1.04,-0.03,-0.04,-0.09,0.92,0.34,3.36,16.32,27.34
-1.04,-0.03,-0.04,-0.03,0.98,0.27,2.76,16.07,27.08
-1.04,-0.03,-0.03,0.0,0.92,0.4,3.24,16.37,26.69
-1.04,-0.03,-0.04,0.0,0.89,0.34,3.09,16.25,26.83
-1.04,-0.03,-0.03,-0.06,0.92,0.34,3.12,16.33,27.24
-1.04,-0.03,-0.03,-0.03,0.95,0.4,2.94,16.13,27.11
-1.04,-0.03,-0.03,-0.09,0.92,0.24,3.28,16.26,27.75
-1.04,-0.03,-0.03,-0.09,0.79,0.31,3.05,15.71,27.1
-1.05,-0.03,-0.04,-0.12,0.95,0.46,2.97,16.29,26.9
-1.04,-0.03,-0.04,-0.15,0.95,0.4,3.09,16.17,27.09
-1.05,-0.03,-0.03,-0.12,0.95,0.27,2.93,16.51,26.81
-1.04,-0.03,-0.04,-0.12,0.89,0.34,2.94,16.06,27.22
-1.04,-0.03,-0.03,-0.12,0.89,0.4,3.38,16.47,27.24
-1.05,-0.03,-0.03,-0.06,0.95,0.34,3.23,16.06,27.16
-1.04,-0.03,-0.04,-0.12,0.89,0.24,2.9,16.27,27.32
-1.04,-0.03,-0.04,-0.03,0.92,0.37,3.01,16.27,27.28
-1.04,-0.03,-0.03,-0.09,0.98,0.31,3.06,16.23,27.42
-1.04,-0.03,-0.03,-0.06,0.92,0.37,3.13,16.01,27.22
-1.04,-0.03,-0.03,-0.06,0.89,0.37,3.47,16.3,27.2
-1.04,-0.03,-0.04,-0.12,0.95,0.27,3.35,16.1,27.04
-1.04,-0.03,-0.03,-0.09,0.92,0.37,3.08,16.2,27.08
-1.04,-0.03,-0.04,-0.06,0.85,0.24,3.09,16.22,27.13
-1.04,-0.03,-0.04,-0.03,0.95,0.24,3.2,16.28,27.03
-1.05,-0.03,-0.04,-0.06,0.89,0.27,3.19,16.17,27.5
-1.04,-0.03,-0.03,-0.06,0.85,0.34,3.22,16.17,26.46
-1.05,-0.03,-0.04,-0.09,0.92,0.34,3.22,15.94,26.95
-1.04,-0.03,-0.04,0.0,0.95,0.34,3.13,16.17,26.98
-1.04,-0.03,-0.04,0.0,0.95,0.34,3.09,16.17,27.38
-1.04,-0.03,-0.04,-0.12,0.89,0.27,2.89,16.38,27.1
-1.04,-0.03,-0.03,-0.03,0.89,0.34,3.3,16.12,26.54
-1.04,-0.03,-0.03,-0.12,0.89,0.34,3.32,16.29,26.78
-1.04,-0.03,-0.03,-0.03,0.92,0.34,2.96,16.14,26.65
-1.04,-0.03,-0.04,-0.15,0.95,0.31,3.28,16.14,27.09
-1.04,-0.03,-0.03,-0.12,0.85,0.31,3.04,15.91,26.93
-1.04,-0.03,-0.03,-0.18,0.92,0.37,3.17,16.24,26.56
-1.05,-0.03,-0.04,0.0,0.89,0.31,3.37,16.12,26.66
-1.04,-0.03,-0.03,-0.06,0.95,0.34,3.23,16.23,27.17
-1.04,-0.03,-0.04,-0.06,0.95,0.34,3.14,16.14,26.8
-1.04,-0.03,-0.03,0.0,0.95,0.43,3.18,16.36,26.58
-1.04,-0.03,-0.04,-0.06,0.92,0.4,2.9,15.97,26.9
-1.05,-0.03,-0.03,-0.18,0.92,0.21,3.12,15.85,27.4
-1.04,-0.03,-0.03,-0.06,0.92,0.27,3.03,16.17,26.92
-1.04,-0.03,-0.04,0.06,0.98,0.27,3.12,16.02,27.41
-1.04,-0.03,-0.03,-0.09,0.95,0.31,3.28,16.08,26.32
-1.04,-0.03,-0.04,-0.09,0.95,0.37,3.35,16.11,26.79
-1.04,-0.03,-0.04,-0.06,0.98,0.34,3.07,16.09,27.19
-1.04,-0.03,-0.03,-0.09,0.95,0.34,3.29,16.12,27.07
-1.04,-0.03,-0.03,-0.03,0.89,0.27,3.31,16.0,26.99
-1.04,-0.03,-0.04,-0.12,0.92,0.31,3.23,16.16,26.97
-1.04,-0.03,-0.04,-0.09,0.89,0.43,3.12,16.21,26.81
-1.04,-0.03,-0.03,-0.03,0.85,0.34,3.05,16.23,26.61
-1.04,-0.03,-0.03,-0.12,0.92,0.27,3.04,16.12,26.26
-1.05,-0.03,-0.03,-0.09,0.89,0.27,3.09,16.17,26.99
-1.04,-0.03,-0.04,-0.09,0.89,0.31,3.2,16.3,26.69
-1.04,-0.03,-0.04,-0.09,0.98,0.18,3.1,16.14,27.16
-1.04,-0.03,-0.03,-0.09,0.95,0.31,3.15,16.05,27.1
-1.04,-0.03,-0.04,-0.03,0.95,0.34,2.88,16.14,26.93
-1.04,-0.03,-0.03,-0.09,0.92,0.34,3.07,16.17,27.33
-1.04,-0.03,-0.03,-0.03,0.98,0.37,2.83,16.17,27.55
-1.04,-0.03,-0.04,-0.12,0.85,0.31,3.0,16.28,27.01
-1.05,-0.03,-0.04,-0.18,0.92,0.31,3.05,16.38,27.14
-1.04,-0.03,-0.04,-0.03,0.89,0.37,3.17,16.47,26.99
-1.05,-0.03,-0.03,-0.15,0.85,0.31,2.79,16.27,26.85
-1.04,-0.03,-0.04,-0.09,0.95,0.31,3.05,16.4,27.5
-1.04,-0.03,-0.04,-0.15,0.92,0.4,3.13,16.17,27.29
-1.04,-0.03,-0.03,-0.06,0.85,0.4,3.18,16.11,26.53
-1.04,-0.03,-0.04,-0.06,1.04,0.27,2.97,15.9,26.93
-1.04,-0.03,-0.03,-0.09,0.89,0.27,3.16,16.29,27.05
-1.04,-0.03,-0.03,0.0,0.89,0.37,3.17,15.98,26.71
-1.04,-0.03,-0.04,-0.12,0.82,0.34,3.19,16.11,27.07
-1.04,-0.03,-0.03,-0.09,0.95,0.43,2.93,15.95,26.84
-1.04,-0.03,-0.04,-0.15,0.95,0.31,3.06,16.13,27.44
-1.04,-0.03,-0.03,-0.09,0.95,0.34,3.21,15.98,26.75
-1.05,-0.03,-0.04,-0.12,0.85,0.27,3.11,16.08,26.66
-1.04,-0.03,-0.04,-0.12,0.95,0.31,3.11,16.09,26.68
-1.04,-0.03,-0.03,0.03,0.95,0.31,3.34,16.19,26.79
-1.04,-0.03,-0.04,-0.06,0.89,0.4,3.14,16.03,26.77
-1.05,-0.03,-0.04,-0.03,0.95,0.34,3.32,16.42,27.0
-1.04,-0.03,-0.03,-0.06,0.89,0.24,3.11,16.05,26.62
-1.04,-0.03,-0.04,-0.06,1.04,0.4,3.02,16.26,27.08
-1.04,-0.03,-0.04,-0.06,0.95,0.34,3.14,16.24,27.27
-1.04,-0.03,-0.04,-0.03,0.95,0.34,3.28,15.85,26.72
-1.05,-0.03,-0.04,-0.03,0.95,0.37,3.18,16.18,26.85
-1.04,-0.03,-0.04,-0.09,0.95,0.37,3.02,16.05,27.41
-1.04,-0.03,-0.03,-0.09,0.95,0.34,3.23,16.34,27.75
-1.05,-0.03,-0.03,-0.03,0.95,0.34,3.12,15.89,26.7
-1.05,-0.03,-0.04,-0.09,0.95,0.37,3.3,16.07,27.27
-1.04,-0.03,-0.04,0.0,0.98,0.31,3.0,16.22,27.56
-1.04,-0.03,-0.03,-0.15,0.85,0.27,3.12,16.22,27.31
-1.04,-0.03,-0.04,-0.06,0.92,0.4,2.88,16.21,26.68
-1.05,-0.03,-0.04,-0.12,0.85,0.34,3.27,16.16,27.01
-1.04,-0.03,-0.04,-0.03,0.92,0.34,3.21,16.19,26.85
-1.04,-0.03,-0.04,-0.12,0.92,0.31,3.03,16.21,27.1
-1.04,-0.03,-0.03,-0.03,1.01,0.34,2.98,15.85,26.71
-1.04,-0.03,-0.03,-0.12,0.92,0.31,3.15,15.96,26.61
-1.05,-0.03,-0.04,-0.12,0.89,0.31,2.94,16.16,26.93
-1.05,-0.03,-0.03,-0.03,0.89,0.27,3.08,16.14,27.3
-1.04,-0.03,-0.04,-0.09,0.85,0.34,3.07,16.06,27.11
-1.05,-0.03,-0.04,-0.06,0.92,0.37,3.22,16.23,26.95
-1.04,-0.03,-0.03,-0.03,0.98,0.21,3.2,16.2,27.01
-1.05,-0.03,-0.03,-0.03,0.95,0.24,3.13,15.9,26.77
-1.04,-0.03,-0.04,-0.03,0.95,0.4,3.05,16.03,27.26
-1.04,-0.03,-0.03,-0.06,0.89,0.27,3.42,16.34,27.56
-1.04,-0.03,-0.04,-0.12,0.89,0.37,2.89,15.89,26.71
-1.04,-0.03,-0.04,-0.03,0.95,0.27,3.25,16.2,27.77
-1.04,-0.03,-0.04,-0.15,0.95,0.31,3.0,15.87,27.64
-1.04,-0.03,-0.04,-0.03,0.95,0.37,3.04,15.79,27.94
-1.04,-0.03,-0.03,-0.06,0.92,0.31,3.13,15.79,26.87
-1.04,-0.03,-0.03,-0.03,0.89,0.37,3.17,16.2,27.31
-1.05,-0.03,-0.03,-0.06,0.98,0.24,3.21,15.88,27.47
-1.04,-0.03,-0.04,-0.09,0.95,0.34,3.25,16.29,27.91
-1.04,-0.03,-0.03,-0.03,0.95,0.27,3.33,16.05,27.32
-1.04,-0.03,-0.03,-0.09,0.92,0.37,3.26,16.26,27.36
-1.04,-0.03,-0.04,-0.09,0.92,0.34,3.17,16.07,27.37
-1.04,-0.03,-0.03,-0.06,0.79,0.34,3.48,15.96,27.3
-1.04,-0.03,-0.03,0.0,0.95,0.43,3.3,16.48,26.95
-1.05,-0.03,-0.03,-0.12,0.95,0.27,3.26,16.08,26.89
-1.04,-0.03,-0.04,-0.06,0.92,0.31,3.1,15.99,27.11
-1.04,-0.03,-0.04,-0.12,0.82,0.31,3.11,15.76,26.88
-1.04,-0.03,-0.04,-0.12,0.89,0.31,3.13,16.08,27.55
-1.04,-0.03,-0.03,-0.18,0.95,0.34,3.22,15.93,27.77
-1.04,-0.03,-0.04,-0.06,0.92,0.34,2.97,16.07,27.84
-1.05,-0.03,-0.03,0.0,0.89,0.24,2.93,16.2,27.69
-1.05,-0.03,-0.04,-0.09,0.98,0.34,3.16,16.15,27.22
-1.04,-0.03,-0.04,-0.06,0.92,0.34,3.04,16.17,27.29
-1.04,-0.03,-0.03,-0.09,0.85,0.34,3.13,16.27,27.48
-1.05,-0.03,-0.03,-0.09,0.92,0.27,3.09,16.16,27.66
-1.04,-0.03,-0.03,-0.18,0.89,0.4,3.22,16.15,27.38
-1.04,-0.03,-0.03,-0.06,0.89,0.37,2.83,16.12,27.35
-1.04,-0.03,-0.03,-0.12,0.98,0.27,3.16,16.11,27.27
-1.05,-0.03,-0.04,-0.03,0.92,0.37,2.98,16.05,27.07
-1.04,-0.03,-0.04,-0.09,0.85,0.34,3.09,16.32,27.21
-1.04,-0.03,-0.03,-0.09,0.95,0.34,3.04,15.98,27.53
-1.04,-0.03,-0.04,0.03,1.01,0.34,3.25,16.02,27.31
-1.04,-0.03,-0.04,-0.09,0.92,0.31,3.09,16.07,27.78
-1.04,-0.03,-0.04,-0.06,0.92,0.34,3.0,16.21,27.3
-1.04,-0.03,-0.04,-0.03,0.92,0.34,2.94,16.03,27.12
-1.04,-0.03,-0.04,-0.03,0.92,0.34,2.94,16.28,26.9
-1.05,-0.03,-0.04,-0.09,0.85,0.31,2.82,16.11,26.81
-1.04,-0.03,-0.04,-0.03,0.79,0.4,3.14,16.42,27.16
-1.04,-0.03,-0.03,-0.12,0.92,0.34,2.86,15.8,26.76
-1.04,-0.03,-0.04,0.03,0.92,0.34,2.97,16.39,27.09
-1.05,-0.03,-0.03,-0.09,0.98,0.31,2.93,15.95,26.99
-1.04,-0.03,-0.03,-0.06,0.85,0.31,3.05,16.26,27.19
-1.04,-0.03,-0.04,-0.06,0.92,0.34,2.96,16.13,27.04
-1.04,-0.03,-0.03,-0.06,0.92,0.4,3.25,16.38,27.22
-1.04,-0.03,-0.04,-0.15,0.92,0.4,2.98,16.07,27.14
-1.05,-0.03,-0.04,-0.03,0.92,0.34,3.09,16.22,27.06
-1.05,-0.03,-0.04,-0.09,0.89,0.27,3.09,16.09,26.65
-1.05,-0.03,-0.04,-0.09,0.92,0.37,3.2,16.2,26.43
-1.04,-0.03,-0.04,-0.06,0.95,0.34,3.01,16.02,26.89
-1.05,-0.03,-0.04,-0.12,0.98,0.37,3.21,16.26,26.8
-1.04,-0.03,-0.04,-0.06,0.92,0.21,2.83,15.93,26.28
-1.04,-0.03,-0.04,0.03,0.92,0.27,3.18,16.02,26.7
-1.04,-0.03,-0.03,-0.03,1.01,0.27,3.27,16.1,26.76
-1.04,-0.03,-0.04,-0.12,0.89,0.31,3.48,16.09,27.44
-1.05,-0.03,-0.04,0.0,0.92,0.34,3.17,16.0,27.04
-1.04,-0.03,-0.03,-0.09,0.95,0.37,3.5,16.23,27.03
-1.05,-0.03,-0.04,0.0,0.95,0.31,3.06,16.01,26.87
-1.05,-0.03,-0.04,0.0,0.92,0.31,2.95,16.28,26.53
-1.04,-0.03,-0.03,-0.12,0.85,0.27,3.09,16.0,26.27
-1.04,-0.03,-0.04,-0.15,0.95,0.27,2.97,16.25,27.05
-1.04,-0.03,-0.03,-0.03,0.95,0.31,3.07,16.22,26.74
-1.04,-0.03,-0.04,-0.03,0.89,0.34,3.04,16.23,26.66
-1.05,-0.03,-0.03,-0.15,0.89,0.34,3.19,16.28,27.14
-1.04,-0.03,-0.03,0.0,0.85,0.34,2.85,16.06,26.93
-1.04,-0.03,-0.04,-0.12,0.92,0.37,3.11,16.37,27.0
-1.04,-0.03,-0.04,-0.18,0.92,0.27,2.93,16.05,27.49
-1.04,-0.03,-0.03,-0.15,0.95,0.37,2.98,16.17,27.77
-1.04,-0.03,-0.04,-0.15,0.79,0.31,2.73,16.14,26.46
-1.04,-0.03,-0.04,-0.06,0.95,0.37,3.01,16.36,26.67
-1.04,-0.03,-0.04,-0.12,0.92,0.34,2.84,16.27,27.08
-1.04,-0.03,-0.04,-0.09,0.92,0.34,2.81,16.56,27.15
-1.05,-0.03,-0.04,-0.03,0.92,0.37,2.98,16.32,26.72
-1.04,-0.03,-0.04,-0.03,0.92,0.31,3.3,16.32,27.17
-1.04,-0.03,-0.03,-0.03,0.98,0.37,2.98,16.03,27.69
-1.04,-0.03,-0.04,-0.12,0.95,0.37,3.16,16.41,27.18
-1.04,-0.03,-0.04,-0.03,0.92,0.46,2.98,16.18,26.78
-1.04,-0.03,-0.04,-0.12,0.92,0.27,3.11,16.18,27.82
-1.04,-0.03,-0.04,0.0,0.89,0.27,3.15,16.12,26.85
-1.04,-0.03,-0.03,-0.12,0.89,0.37,3.11,16.05,27.15
-1.04,-0.03,-0.04,-0.12,0.82,0.24,2.95,16.14,27.02
-1.04,-0.03,-0.04,-0.06,0.95,0.31,2.88,16.34,26.7
-1.04,-0.03,-0.04,-0.03,0.79,0.34,3.07,16.14,26.64
-1.04,-0.03,-0.04,-0.06,0.89,0.4,3.11,16.33,26.92
-1.04,-0.03,-0.03,-0.15,0.95,0.4,2.91,16.24,26.51
-1.04,-0.03,-0.04,-0.15,0.85,0.37,2.74,16.27,27.12
-1.04,-0.03,-0.03,-0.09,0.85,0.31,3.49,16.17,27.19
-1.04,-0.03,-0.04,-0.09,0.85,0.27,3.16,16.06,26.74
-1.04,-0.03,-0.04,-0.15,0.89,0.27,3.23,16.13,26.96
-1.04,-0.03,-0.04,-0.09,0.92,0.31,3.12,15.95,26.93
-1.04,-0.03,-0.04,-0.03,0.89,0.34,2.95,16.33,27.49
-1.05,-0.03,-0.03,-0.06,0.82,0.31,3.1,16.08,27.02
-1.04,-0.03,-0.04,-0.06,0.95,0.34,3.42,16.31,27.28
-1.04,-0.03,-0.04,-0.06,0.92,0.34,3.21,15.94,27.47
-1.04,-0.03,-0.04,-0.09,0.95,0.34,3.41,16.38,27.38
-1.05,-0.03,-0.04,-0.03,0.89,0.34,3.41,16.36,27.15
-1.05,-0.03,-0.04,-0.09,0.95,0.37,3.53,16.21,27.23
-1.04,-0.03,-0.04,-0.06,0.92,0.34,3.49,16.02,26.7
-1.04,-0.03,-0.04,0.03,0.92,0.31,3.4,16.36,26.86
-1.05,-0.03,-0.04,-0.03,0.89,0.31,3.26,16.37,27.27
-1.04,-0.03,-0.04,-0.03,0.85,0.27,3.28,16.24,27.31
-1.04,-0.03,-0.04,-0.12,0.85,0.37,3.11,16.32,26.9
-1.05,-0.03,-0.04,-0.06,0.98,0.24,3.32,16.4,26.82
-1.04,-0.03,-0.04,-0.12,1.01,0.37,3.09,16.08,27.23
-1.05,-0.03,-0.04,-0.09,0.98,0.21,3.46,16.31,27.41
-1.05,-0.03,-0.03,-0.12,0.95,0.37,3.12,16.27,27.15
-1.05,-0.03,-0.04,-0.09,0.98,0.37,3.31,16.5,27.32
-1.04,-0.03,-0.03,-0.03,0.89,0.24,2.91,16.02,27.37
-1.04,-0.03,-0.04,-0.12,0.89,0.43,3.29,16.33,27.35
-1.04,-0.03,-0.03,0.06,0.89,0.4,3.45,16.03,27.08
-1.05,-0.03,-0.03,-0.06,0.89,0.34,3.3,16.31,27.48
-1.04,-0.03,-0.04,-0.18,0.89,0.34,2.91,16.13,27.5
-1.04,-0.03,-0.04,-0.03,0.92,0.27,3.46,16.31,27.6
-1.04,-0.03,-0.03,-0.06,0.92,0.27,3.3,16.09,27.55
-1.04,-0.03,-0.04,-0.09,0.98,0.31,3.28,16.34,27.42
-1.04,-0.03,-0.04,-0.06,0.92,0.27,3.13,16.12,27.26
-1.04,-0.03,-0.03,-0.03,0.89,0.37,3.22,16.22,27.52
-1.04,-0.03,-0.03,-0.09,0.89,0.34,3.19,16.11,27.33
-1.04,-0.03,-0.03,-0.06,1.01,0.4,3.27,16.27,27.55
-1.04,-0.03,-0.04,-0.09,0.92,0.24,3.04,15.99,27.22
-1.04,-0.03,-0.03,-0.06,0.98,0.24,3.0,16.3,26.69
-1.04,-0.03,-0.04,-0.09,0.92,0.34,3.18,16.1,27.25
-1.04,-0.03,-0.03,-0.15,0.89,0.24,3.2,16.24,27.23
-1.04,-0.03,-0.04,-0.03,0.85,0.37,3.12,15.95,26.71
-1.04,-0.03,-0.04,-0.18,0.95,0.37,3.1,16.2,26.99
-1.04,-0.03,-0.04,-0.06,0.95,0.27,3.4,16.18,27.68
-1.04,-0.03,-0.04,-0.15,0.89,0.34,3.25,16.39,27.42
-1.04,-0.03,-0.04,-0.09,0.95,0.31,2.94,15.98,27.12
-1.04,-0.03,-0.03,-0.03,0.92,0.31,3.16,16.22,27.1
-1.05,-0.03,-0.04,-0.06,0.82,0.27,3.14,16.09,27.06
-1.04,-0.03,-0.03,-0.06,0.92,0.34,3.38,16.31,27.13
-1.04,-0.03,-0.04,-0.12,0.82,0.31,3.28,15.99,26.98
-1.04,-0.03,-0.04,-0.12,0.92,0.27,3.01,16.41,27.72
-1.04,-0.03,-0.04,-0.03,0.95,0.31,3.41,16.0,26.64
-1.04,-0.03,-0.04,-0.06,0.89,0.24,3.57,16.06,27.15
-1.04,-0.03,-0.03,-0.03,0.89,0.27,3.62,16.19,27.18
-1.05,-0.03,-0.04,-0.15,0.95,0.34,3.56,16.13,27.46
-1.04,-0.03,-0.03,-0.09,0.89,0.31,3.44,16.18,27.76
-1.04,-0.03,-0.04,-0.09,0.98,0.24,3.34,16.39,27.09
-1.04,-0.03,-0.03,-0.09,0.95,0.34,3.09,16.12,26.43
-1.04,-0.03,-0.03,-0.03,0.92,0.34,3.19,16.39,27.59
-1.04,-0.03,-0.04,-0.12,0.92,0.37,3.39,16.04,26.98
-1.04,-0.03,-0.04,-0.09,0.89,0.37,3.24,16.39,26.4
-1.04,-0.03,-0.04,-0.03,1.04,0.37,3.29,16.27,26.75
-1.04,-0.03,-0.04,-0.09,1.01,0.24,3.25,16.02,26.76
-1.04,-0.03,-0.04,-0.06,0.92,0.34,3.31,16.34,26.87
-1.05,-0.03,-0.03,-0.12,0.85,0.31,3.14,16.35,27.36
-1.04,-0.03,-0.04,-0.06,0.92,0.31,3.13,16.26,27.52
-1.04,-0.03,-0.04,-0.03,0.82,0.27,3.3,16.17,27.32
-1.04,-0.03,-0.03,-0.06,0.98,0.37,3.36,16.32,26.82
-1.04,-0.03,-0.04,-0.06,0.85,0.43,3.21,16.26,26.86
-1.04,-0.03,-0.04,-0.12,0.92,0.37,3.39,16.4,27.13
-1.05,-0.03,-0.03,-0.12,0.95,0.37,3.3,16.05,27.06
-1.04,-0.03,-0.04,0.0,0.92,0.34,3.25,16.28,27.51
-1.04,-0.03,-0.03,-0.06,1.01,0.27,3.27,16.34,27.41
-1.04,-0.03,-0.04,-0.09,0.92,0.4,3.35,16.2,26.6
-1.04,-0.03,-0.03,-0.03,0.95,0.37,3.13,16.12,26.95
-1.04,-0.03,-0.04,-0.09,0.95,0.34,3.14,16.19,27.32
-1.04,-0.03,-0.03,-0.03,0.95,0.31,3.25,16.34,27.35
-1.04,-0.03,-0.04,-0.12,0.98,0.34,3.3,16.01,27.42
-1.04,-0.03,-0.03,-0.09,0.89,0.37,3.3,16.24,27.55
-1.04,-0.03,-0.03,-0.09,0.89,0.24,3.09,16.08,27.19
-1.04,-0.03,-0.04,-0.12,0.95,0.31,3.31,16.1,27.43
-1.04,-0.03,-0.03,-0.12,0.89,0.34,3.3,15.93,26.44
-1.04,-0.03,-0.03,-0.06,0.85,0.27,3.08,16.09,27.52
-1.04,-0.03,-0.04,-0.15,0.98,0.24,3.17,16.16,26.98
-1.04,-0.03,-0.04,0.0,0.95,0.37,3.48,16.24,26.7
-1.04,-0.03,-0.03,-0.09,0.92,0.37,3.41,16.26,26.48
-1.04,-0.03,-0.04,-0.03,0.85,0.34,3.33,16.23,26.72
-1.05,-0.03,-0.04,-0.12,0.95,0.43,3.42,16.16,26.89
-1.04,-0.03,-0.03,0.0,0.89,0.4,3.43,16.38,26.89
-1.04,-0.03,-0.04,-0.06,0.92,0.4,3.04,16.13,26.11
-1.04,-0.03,-0.03,-0.06,0.98,0.34,3.23,16.45,26.87
-1.04,-0.03,-0.04,-0.15,0.95,0.34,3.21,16.14,26.79
-1.04,-0.03,-0.04,-0.09,0.89,0.37,3.41,16.45,27.04
-1.04,-0.03,-0.03,-0.09,0.92,0.31,3.2,16.03,27.07
-1.05,-0.03,-0.03,-0.09,0.89,0.27,3.48,16.44,26.75
-1.04,-0.03,-0.04,-0.15,0.85,0.34,3.32,16.01,26.92
-1.04,-0.03,-0.04,-0.06,0.95,0.34,3.4,16.33,26.95
-1.04,-0.03,-0.04,-0.03,0.92,0.31,3.39,16.01,26.51
-1.04,-0.03,-0.04,-0.09,0.98,0.27,3.42,16.61,27.21
-1.04,-0.03,-0.03,-0.12,1.01,0.34,3.02,16.12,26.68
-1.04,-0.03,-0.04,-0.15,0.95,0.4,3.22,16.18,26.67
-1.04,-0.03,-0.03,-0.09,0.95,0.24,2.82,16.26,26.34
-1.04,-0.03,-0.03,-0.03,1.01,0.4,2.6,16.23,27.02
-1.04,-0.03,-0.04,-0.09,0.92,0.31,2.89,15.92,26.85
-1.04,-0.03,-0.04,-0.12,0.89,0.34,3.07,16.27,27.07
-1.04,-0.03,-0.03,-0.09,0.95,0.4,2.97,15.98,26.63
-1.05,-0.03,-0.04,-0.06,0.92,0.27,3.09,16.12,26.37
-1.04,-0.03,-0.03,-0.06,0.95,0.37,2.96,15.9,26.48
-1.04,-0.03,-0.04,-0.03,0.89,0.4,3.08,16.18,27.28
-1.05,-0.03,-0.04,-0.18,0.92,0.31,3.09,16.1,26.43
-1.04,-0.03,-0.04,-0.15,0.82,0.37,3.33,16.16,26.81
-1.05,-0.03,-0.03,-0.03,0.82,0.4,3.14,16.09,26.43
-1.04,-0.03,-0.03,-0.12,0.95,0.43,3.28,16.3,27.03
-1.04,-0.03,-0.03,-0.12,0.95,0.43,3.25,16.0,26.74
-1.04,-0.03,-0.04,-0.03,0.95,0.31,3.16,16.13,27.28
-1.04,-0.03,-0.03,-0.09,0.89,0.21,3.03,15.95,26.73
-1.05,-0.03,-0.04,-0.09,0.89,0.4,3.27,16.17,26.97
-1.04,-0.03,-0.03,-0.09,0.92,0.31,3.07,15.88,26.5
-1.04,-0.03,-0.04,-0.15,0.95,0.34,3.46,16.32,27.05
-1.04,-0.03,-0.03,0.0,0.98,0.27,3.52,16.25,26.75
-1.05,-0.03,-0.03,-0.12,0.89,0.4,3.09,16.09,26.42
-1.04,-0.03,-0.03,-0.06,0.92,0.31,3.02,16.17,26.77
-1.04,-0.03,-0.04,-0.15,0.92,0.34,3.29,16.49,27.12
-1.04,-0.03,-0.03,-0.09,0.98,0.34,3.31,16.34,26.85
-1.04,-0.03,-0.04,-0.09,0.85,0.34,3.61,16.3,26.57
-1.05,-0.03,-0.04,-0.06,1.01,0.31,3.25,16.18,26.71
-1.04,-0.03,-0.03,-0.06,0.89,0.4,3.19,16.13,26.5
-1.04,-0.03,-0.03,0.0,0.85,0.37,3.35,16.24,26.94
-1.04,-0.03,-0.03,0.0,0.89,0.37,3.11,16.27,26.67
-1.04,-0.03,-0.04,-0.03,0.98,0.43,2.99,16.12,26.58
-1.04,-0.03,-0.04,-0.09,0.92,0.31,2.98,16.14,27.08
-1.04,-0.03,-0.04,-0.06,0.98,0.34,3.12,16.13,27.05
-1.04,-0.03,-0.04,-0.12,0.89,0.37,3.07,16.24,27.24
-1.04,-0.03,-0.03,-0.03,0.95,0.4,3.22,16.22,26.5
-1.04,-0.03,-0.04,-0.06,0.92,0.37,3.36,16.28,27.02
-1.04,-0.03,-0.04,-0.12,0.89,0.31,3.32,16.22,27.15
-1.04,-0.03,-0.03,-0.09,0.89,0.34,3.1,16.33,27.13
-1.04,-0.03,-0.04,-0.06,0.92,0.37,3.17,16.39,26.78
-1.04,-0.03,-0.03,0.0,0.98,0.34,3.03,16.16,27.27
-1.04,-0.03,-0.04,-0.12,1.01,0.34,3.09,16.25,27.18
-1.04,-0.03,-0.04,-0.12,0.92,0.4,3.33,16.34,27.31
-1.04,-0.03,-0.03,-0.03,0.92,0.4,3.13,16.06,27.14
-1.04,-0.03,-0.03,-0.09,0.89,0.31,3.14,16.09,27.26
-1.05,-0.03,-0.03,-0.09,0.85,0.27,3.19,16.1,27.53
-1.04,-0.03,-0.04,-0.06,0.92,0.4,3.49,16.27,27.46
-1.04,-0.03,-0.03,-0.06,0.85,0.37,3.54,16.28,27.27
-1.04,-0.03,-0.03,-0.12,0.89,0.31,3.26,16.17,27.16
-1.04,-0.03,-0.03,-0.06,0.89,0.34,3.21,16.01,27.05
-1.04,-0.03,-0.04,-0.06,0.82,0.31,3.27,16.3,27.06
-1.04,-0.03,-0.04,0.0,0.89,0.34,3.23,16.17,27.02
-1.04,-0.03,-0.03,0.0,0.95,0.31,3.23,16.18,26.92
-1.04,-0.03,-0.04,-0.15,0.85,0.34,2.99,16.04,26.71
-1.04,-0.03,-0.04,-0.06,0.85,0.37,3.15,16.0,27.13
-1.04,-0.03,-0.04,-0.03,0.89,0.37,3.0,16.07,27.24
-1.05,-0.03,-0.04,-0.09,1.01,0.37,3.16,16.16,26.9
-1.04,-0.03,-0.03,-0.15,0.92,0.27,3.02,16.01,27.2
-1.04,-0.03,-0.03,-0.12,0.89,0.24,3.19,16.24,27.36
-1.04,-0.03,-0.03,-0.03,0.92,0.34,2.87,15.95,26.81
-1.04,-0.03,-0.04,-0.18,0.95,0.24,3.3,16.2,26.13
-1.04,-0.03,-0.03,-0.09,0.95,0.34,3.15,15.97,26.12
-1.05,-0.03,-0.03,-0.12,0.85,0.34,3.07,16.51,27.17
-1.05,-0.03,-0.03,-0.03,0.95,0.27,2.96,16.03,26.83
-1.05,-0.03,-0.03,-0.09,1.01,0.34,2.84,16.3,26.84
-1.04,-0.03,-0.04,-0.03,0.98,0.4,2.71,15.96,27.02
-1.04,-0.03,-0.03,-0.03,0.92,0.4,3.05,16.35,26.68
-1.05,-0.03,-0.03,-0.06,0.95,0.37,2.86,15.99,26.99
-1.05,-0.03,-0.04,-0.09,0.85,0.37,3.07,16.29,27.38
-1.04,-0.03,-0.03,-0.03,0.92,0.34,2.89,16.19,27.02
-1.04,-0.03,-0.04,-0.09,0.89,0.31,2.93,16.17,27.61
-1.04,-0.03,-0.03,0.0,0.79,0.34,2.88,16.18,27.52
-1.05,-0.03,-0.03,-0.06,0.89,0.34,2.96,16.2,27.93
-1.04,-0.03,-0.03,-0.06,0.89,0.4,3.07,16.23,27.06
-1.04,-0.03,-0.04,-0.03,0.92,0.34,3.07,16.09,26.9
-1.04,-0.03,-0.03,-0.03,0.92,0.37,3.13,16.1,26.91
-1.04,-0.03,-0.04,-0.09,0.85,0.4,3.07,16.36,27.18
-1.04,-0.03,-0.04,-0.15,0.85,0.27,2.78,16.18,26.91
-1.04,-0.03,-0.04,-0.12,0.92,0.4,3.35,16.3,27.34
-1.04,-0.03,-0.03,0.0,0.95,0.37,2.96,16.19,27.1
-1.04,-0.03,-0.03,-0.06,0.92,0.31,2.95,16.35,26.63
-1.04,-0.03,-0.04,-0.12,0.92,0.34,3.05,16.07,27.0
-1.04,-0.03,-0.03,-0.12,0.89,0.4,3.26,16.49,26.81
-1.04,-0.03,-0.04,-0.06,0.92,0.34,3.03,16.36,26.89
-1.04,-0.03,-0.03,-0.09,0.98,0.4,3.35,16.14,26.6
-1.04,-0.03,-0.03,-0.06,0.95,0.34,2.98,15.95,26.91
-1.04,-0.03,-0.03,-0.09,0.85,0.34,3.31,16.32,26.78
-1.04,-0.03,-0.03,-0.09,0.89,0.37,3.14,15.86,26.77
-1.04,-0.03,-0.03,-0.15,1.04,0.27,2.97,16.22,26.57
-1.04,-0.03,-0.03,-0.06,0.92,0.31,3.18,16.08,27.06
-1.05,-0.03,-0.04,-0.15,0.92,0.34,3.34,16.03,27.04
-1.04,-0.03,-0.03,-0.09,0.95,0.34,2.96,16.09,26.64
-1.04,-0.03,-0.03,-0.21,0.92,0.31,3.06,16.05,27.39
-1.04,-0.03,-0.03,-0.06,0.98,0.34,2.98,15.72,27.3
-1.04,-0.03,-0.03,-0.12,0.89,0.24,3.12,16.05,27.19
-1.04,-0.03,-0.03,-0.03,0.82,0.4,2.92,16.24,27.15
-1.04,-0.03,-0.03,-0.03,0.95,0.37,3.14,16.14,26.67
-1.04,-0.03,-0.04,-0.06,0.92,0.34,3.02,16.09,27.31
-1.04,-0.03,-0.03,-0.12,0.95,0.34,3.1,16.24,27.28
-1.04,-0.03,-0.04,-0.06,0.92,0.4,3.04,15.9,27.69
-1.04,-0.03,-0.03,-0.18,0.89,0.4,3.41,16.12,27.75
-1.04,-0.03,-0.04,-0.15,0.85,0.31,3.36,15.81,26.94
-1.05,-0.03,-0.03,-0.03,0.95,0.34,3.38,16.05,27.52
-1.04,-0.03,-0.04,-0.03,0.79,0.27,3.29,16.11,27.07
-1.05,-0.03,-0.04,-0.12,0.95,0.37,2.64,16.18,27.23
-1.04,-0.03,-0.04,-0.12,0.79,0.27,3.14,15.85,27.2
-1.04,-0.03,-0.04,-0.03,0.95,0.24,3.13,15.98,26.94
-1.04,-0.03,-0.03,-0.12,0.95,0.37,3.5,16.04,26.51
-1.04,-0.03,-0.04,0.03,0.92,0.37,3.13,16.21,27.28
-1.04,-0.03,-0.04,-0.12,0.85,0.27,3.22,16.07,26.77
-1.04,-0.03,-0.03,-0.09,0.92,0.37,3.37,16.08,26.79
-1.04,-0.03,-0.04,-0.09,0.92,0.27,3.46,16.09,26.96
-1.04,-0.03,-0.04,-0.12,0.92,0.34,3.1,16.26,26.51
-1.04,-0.03,-0.04,-0.06,0.92,0.24,2.92,16.14,27.36
-1.04,-0.03,-0.04,-0.09,0.89,0.31,3.24,15.92,27.18
-1.04,-0.03,-0.03,-0.03,0.82,0.34,3.12,16.24,27.52
-1.04,-0.03,-0.03,-0.12,0.95,0.4,3.04,16.03,27.29
-1.05,-0.03,-0.03,-0.09,0.95,0.37,3.13,16.17,27.27
-1.04,-0.03,-0.04,-0.03,0.98,0.34,3.07,16.05,26.88
-1.04,-0.03,-0.03,-0.09,0.92,0.4,3.28,16.11,26.84
-1.04,-0.03,-0.04,-0.12,0.92,0.34,3.23,15.96,27.11
-1.05,-0.03,-0.04,0.0,0.82,0.24,3.48,16.28,27.35
-1.04,-0.03,-0.03,-0.12,0.95,0.37,3.25,15.84,27.61
-1.04,-0.03,-0.03,-0.15,0.89,0.37,3.14,16.01,27.17
-1.04,-0.03,-0.04,-0.15,0.92,0.27,3.22,15.99,27.22
-1.04,-0.03,-0.03,-0.06,1.01,0.34,3.2,16.17,27.69
-1.04,-0.03,-0.04,-0.06,0.95,0.31,3.42,16.15,27.07
-1.04,-0.03,-0.04,-0.12,0.92,0.34,3.21,16.27,27.05
-1.04,-0.03,-0.03,-0.03,1.01,0.37,3.24,16.08,26.5
-1.04,-0.03,-0.04,0.0,0.92,0.31,3.15,16.03,27.43
-1.05,-0.03,-0.03,-0.03,0.79,0.37,3.37,16.18,28.06
-1.04,-0.03,-0.04,-0.09,0.92,0.37,3.05,15.94,27.11
-1.04,-0.03,-0.03,-0.06,0.95,0.31,3.24,16.22,27.84
-1.04,-0.03,-0.04,-0.03,0.92,0.31,3.28,16.02,27.13
-1.05,-0.03,-0.03,-0.06,0.92,0.31,3.46,16.03,27.2
-1.05,-0.03,-0.03,-0.06,0.89,0.37,3.25,16.31,27.11
-1.04,-0.03,-0.03,-0.12,0.92,0.31,3.25,16.51,27.47
-1.04,-0.03,-0.04,-0.18,0.76,0.43,3.2,16.12,27.45
-1.04,-0.03,-0.03,-0.12,0.82,0.37,3.38,16.49,27.31
-1.04,-0.03,-0.04,-0.06,0.85,0.43,3.16,15.89,26.91
-1.04,-0.03,-0.04,-0.06,0.92,0.27,3.56,16.09,27.53
-1.04,-0.03,-0.04,-0.06,0.98,0.43,3.08,15.93,27.4
-1.05,-0.03,-0.04,-0.06,0.95,0.37,3.58,16.0,27.44
-1.04,-0.03,-0.04,-0.03,0.92,0.37,3.36,16.09,27.2
-1.04,-0.03,-0.03,-0.03,0.89,0.34,3.25,16.1,27.34
-1.04,-0.03,-0.04,-0.09,0.85,0.34,3.12,16.2,26.45
-1.04,-0.03,-0.04,-0.03,0.85,0.37,3.36,16.2,26.98
-1.04,-0.03,-0.03,-0.06,0.92,0.34,3.14,15.77,27.16
-1.05,-0.03,-0.04,0.0,1.01,0.37,3.28,16.04,27.3
-1.04,-0.03,-0.04,-0.18,0.85,0.34,3.45,15.83,26.92
-1.04,-0.03,-0.03,-0.06,0.89,0.31,3.19,16.08,27.57
-1.04,-0.03,-0.03,-0.09,0.92,0.31,3.2,16.12,27.53
-1.04,-0.03,-0.03,-0.09,0.89,0.31,3.36,16.35,27.37
-1.04,-0.03,-0.03,-0.15,0.92,0.4,3.13,15.95,27.43
-1.04,-0.03,-0.04,-0.06,0.92,0.37,3.48,16.29,27.82
-1.04,-0.03,-0.04,-0.09,0.85,0.34,3.46,16.1,27.1
-1.05,-0.03,-0.04,-0.03,0.92,0.31,3.23,16.18,28.03
-1.04,-0.03,-0.03,-0.06,0.89,0.34,3.44,15.82,27.18
-1.04,-0.03,-0.03,-0.09,0.82,0.27,3.44,16.23,27.03
-1.05,-0.03,-0.03,0.0,0.95,0.46,3.5,15.89,27.29
-1.04,-0.03,-0.04,-0.12,0.85,0.43,3.42,16.07,27.34
-1.04,-0.03,-0.03,-0.09,0.92,0.37,3.38,15.74,27.58
-1.04,-0.03,-0.03,-0.06,0.85,0.31,3.06,15.91,27.97
-1.04,-0.03,-0.03,-0.03,0.95,0.31,3.13,16.05,27.57
-1.04,-0.03,-0.03,-0.03,0.92,0.34,3.34,16.05,28.13
-1.04,-0.03,-0.04,-0.15,0.89,0.34,3.16,15.84,27.36
-1.04,-0.03,-0.04,-0.09,0.95,0.34,3.31,16.25,26.98
-1.04,-0.03,-0.04,-0.09,0.92,0.34,3.38,15.96,27.48
-1.04,-0.03,-0.04,-0.03,0.95,0.4,3.45,16.12,27.38
-1.04,-0.03,-0.03,-0.09,0.89,0.37,3.28,15.98,27.6
-1.04,-0.03,-0.03,-0.06,0.92,0.37,3.32,16.07,27.38
-1.04,-0.03,-0.03,-0.09,0.95,0.27,3.32,16.07,26.62
-1.05,-0.03,-0.04,-0.06,1.01,0.27,3.26,15.96,27.58
-1.04,-0.03,-0.03,-0.06,0.92,0.27,3.41,16.04,27.25
-1.04,-0.03,-0.03,-0.09,0.89,0.34,3.43,16.16,27.7
-1.04,-0.03,-0.03,0.0,0.89,0.31,3.34,15.9,27.83
-1.04,-0.03,-0.03,-0.12,1.04,0.37,3.18,16.25,27.56
-1.04,-0.03,-0.04,0.03,0.89,0.37,3.28,15.97,27.46
-1.04,-0.03,-0.03,-0.06,0.82,0.34,3.15,15.93,27.65
-1.04,-0.03,-0.04,-0.03,1.01,0.34,3.35,16.18,27.42
-1.04,-0.03,-0.04,-0.12,0.92,0.31,3.4,16.21,26.87
-1.04,-0.03,-0.04,-0.09,0.89,0.37,3.4,16.24,27.46
-1.04,-0.03,-0.04,-0.06,0.85,0.4,3.32,16.21,26.93
-1.04,-0.03,-0.03,-0.12,0.85,0.31,3.28,15.97,26.88
-1.05,-0.03,-0.03,-0.06,0.95,0.37,3.62,16.27,27.86
-1.04,-0.03,-0.04,-0.03,0.92,0.37,3.39,16.08,27.6
-1.04,-0.03,-0.04,-0.09,0.95,0.31,3.15,16.28,27.47
-1.04,-0.03,-0.03,-0.06,0.92,0.34,3.53,16.28,27.83
-1.05,-0.03,-0.03,-0.09,0.98,0.21,3.32,16.28,27.68
-1.04,-0.03,-0.03,-0.09,0.89,0.46,3.25,16.44,27.94
-1.05,-0.03,-0.04,-0.09,0.89,0.4,3.15,15.97,27.13
-1.05,-0.03,-0.04,0.0,0.95,0.34,3.43,16.04,27.39
-1.04,-0.03,-0.04,-0.09,0.85,0.31,3.32,15.91,27.02
-1.04,-0.03,-0.04,-0.06,0.98,0.34,3.31,16.23,26.77
-1.04,-0.03,-0.04,0.0,0.89,0.34,3.1,15.97,26.78
-1.04,-0.03,-0.03,0.0,0.85,0.34,3.15,16.0,27.15
-1.04,-0.03,-0.03,-0.12,0.85,0.31,3.11,15.85,27.64
-1.04,-0.03,-0.03,-0.09,0.85,0.34,3.24,16.13,27.29
-1.04,-0.03,-0.04,-0.03,0.95,0.37,3.22,15.97,27.01
-1.05,-0.03,-0.03,-0.09,0.95,0.31,3.28,16.25,27.65
-1.04,-0.03,-0.04,-0.06,0.89,0.27,3.44,16.13,26.86
-1.04,-0.03,-0.03,-0.12,0.85,0.27,3.5,16.36,27.16
-1.04,-0.03,-0.04,0.03,0.95,0.24,3.3,15.96,27.13
-1.04,-0.03,-0.04,-0.03,0.92,0.27,3.24,16.06,27.28
-1.04,-0.03,-0.04,-0.06,0.85,0.34,2.86,16.09,26.75
-1.04,-0.03,-0.04,-0.09,0.82,0.27,3.15,16.29,27.53
-1.04,-0.03,-0.04,-0.09,0.95,0.34,3.41,16.2,27.19
-1.04,-0.03,-0.03,-0.09,0.95,0.31,3.38,16.22,27.69
-1.04,-0.03,-0.04,-0.12,0.92,0.31,3.12,16.1,27.44
-1.04,-0.03,-0.03,-0.06,0.92,0.37,3.39,16.32,27.85
-1.04,-0.03,-0.04,-0.12,0.98,0.37,3.37,16.07,27.51
-1.04,-0.03,-0.04,-0.03,0.89,0.31,3.3,15.86,27.56
-1.04,-0.03,-0.04,-0.09,0.82,0.31,3.12,16.29,28.16
-1.05,-0.03,-0.03,-0.12,0.95,0.34,3.19,15.8,27.59
-1.04,-0.03,-0.03,-0.03,1.01,0.34,3.31,15.92,27.76
-1.04,-0.03,-0.04,-0.09,0.89,0.34,3.32,16.02,26.81
-1.04,-0.03,-0.03,-0.06,0.92,0.37,3.19,16.22,27.79
-1.05,-0.03,-0.03,0.0,0.82,0.24,3.28,15.97,27.7
-1.04,-0.03,-0.04,-0.12,0.85,0.31,3.45,16.31,28.15
-1.05,-0.03,-0.03,-0.09,0.89,0.31,3.07,16.1,27.56
-1.04,-0.03,-0.04,-0.15,0.92,0.31,3.27,15.99,26.81
-1.05,-0.03,-0.04,-0.03,0.92,0.31,3.25,16.08,26.93
-1.04,-0.03,-0.03,-0.12,1.01,0.43,3.44,16.06,27.57
-1.04,-0.03,-0.03,0.03,0.82,0.31,2.99,16.1,27.53
-1.04,-0.03,-0.04,-0.03,0.95,0.37,3.44,16.3,27.97
-1.04,-0.03,-0.03,-0.06,0.89,0.31,3.2,16.0,27.31
-1.04,-0.03,-0.04,-0.09,0.92,0.27,3.16,16.2,27.14
-1.05,-0.03,-0.04,-0.09,0.85,0.34,3.19,16.05,27.26
-1.04,-0.03,-0.03,-0.03,0.95,0.37,3.38,16.14,27.61
-1.04,-0.03,-0.03,-0.15,0.89,0.31,3.37,16.09,27.37
-1.04,-0.03,-0.03,0.0,0.85,0.31,3.44,16.15,27.43
-1.04,-0.03,-0.04,-0.12,0.98,0.31,3.05,16.0,27.09
-1.05,-0.03,-0.03,-0.12,0.92,0.46,3.01,16.33,27.34
-1.04,-0.03,-0.04,-0.09,0.92,0.34,3.17,16.11,27.53
-1.04,-0.03,-0.03,-0.09,0.89,0.24,3.31,16.31,27.36
-1.04,-0.03,-0.03,-0.06,0.98,0.4,3.44,16.13,27.38
-1.04,-0.03,-0.03,-0.06,0.98,0.27,3.3,15.93,27.81
-1.05,-0.03,-0.04,0.0,0.89,0.27,3.48,16.11,27.48
-1.04,-0.03,-0.04,-0.06,0.95,0.4,3.52,16.33,27.27
-1.04,-0.03,-0.03,-0.03,1.01,0.31,3.46,16.27,26.93
-1.04,-0.03,-0.04,0.0,0.92,0.24,3.38,16.28,27.32
-1.04,-0.03,-0.03,-0.09,0.89,0.34,3.5,16.16,27.1
-1.04,-0.03,-0.03,-0.06,0.89,0.27,3.53,16.14,26.98
-1.04,-0.03,-0.03,-0.09,0.89,0.31,3.51,16.2,27.36
-1.04,-0.03,-0.04,0.06,0.85,0.31,3.51,16.54,27.61
-1.04,-0.03,-0.04,-0.03,0.85,0.21,3.42,16.1,26.77
-1.05,-0.03,-0.03,-0.12,0.89,0.31,3.46,16.43,27.1
-1.04,-0.03,-0.04,-0.06,0.92,0.34,3.12,16.11,26.4
-1.04,-0.03,-0.03,-0.09,0.92,0.37,2.98,16.22,27.48
-1.04,-0.03,-0.03,-0.06,0.92,0.4,3.15,16.3,27.3
-1.04,-0.03,-0.03,-0.09,0.89,0.24,3.11,16.33,27.45
-1.04,-0.03,-0.04,-0.15,0.89,0.31,2.96,16.31,26.88
-1.04,-0.03,-0.04,-0.09,0.95,0.21,3.38,16.45,26.63
-1.04,-0.03,-0.03,-0.09,0.89,0.34,3.41,16.28,26.52
-1.05,-0.03,-0.04,-0.09,0.92,0.27,3.13,16.26,27.01
-1.04,-0.03,-0.04,-0.09,0.92,0.31,3.52,16.26,27.57
-1.04,-0.03,-0.03,-0.09,0.85,0.34,3.41,16.0,26.97
-1.04,-0.03,-0.04,-0.03,0.95,0.37,3.31,16.46,27.02
-1.04,-0.03,-0.04,-0.12,0.98,0.31,3.34,16.11,27.32
-1.04,-0.03,-0.04,-0.03,0.89,0.4,3.41,16.19,26.63
-1.04,-0.03,-0.03,-0.03,0.85,0.27,3.3,16.08,26.79
-1.05,-0.03,-0.03,-0.03,0.82,0.34,3.43,16.29,26.91
-1.04,-0.03,-0.03,-0.09,0.89,0.31,3.42,16.16,27.03
-1.04,-0.03,-0.04,-0.06,0.98,0.24,3.51,16.2,27.14
-1.05,-0.03,-0.03,-0.06,0.89,0.31,3.32,16.21,27.0
-1.04,-0.03,-0.03,-0.03,0.98,0.34,3.41,16.33,27.17
-1.04,-0.03,-0.03,-0.03,0.92,0.34,3.25,16.02,27.2
-1.04,-0.03,-0.04,-0.09,0.82,0.37,3.26,16.38,27.09
-1.04,-0.03,-0.03,-0.09,0.85,0.31,3.43,16.34,27.29
-1.04,-0.03,-0.04,-0.06,0.95,0.37,3.42,16.42,27.12
-1.04,-0.03,-0.04,-0.12,0.95,0.4,3.27,16.12,27.48
-1.04,-0.03,-0.03,0.09,0.89,0.34,3.39,16.33,27.08
-1.04,-0.03,-0.04,-0.12,0.95,0.4,3.43,16.03,26.96
-1.05,-0.03,-0.04,-0.03,0.89,0.4,3.25,16.13,27.3
-1.04,-0.03,-0.04,-0.15,0.85,0.37,3.24,15.9,26.98
-1.04,-0.03,-0.04,-0.06,0.92,0.34,3.57,16.06,26.8
-1.05,-0.03,-0.03,0.0,0.92,0.34,3.45,16.07,26.74
-1.05,-0.03,-0.04,-0.03,0.89,0.34,3.38,16.34,26.65
-1.04,-0.03,-0.04,-0.03,0.95,0.34,3.34,16.32,27.22
-1.05,-0.03,-0.03,-0.06,0.95,0.34,3.48,16.45,26.86
-1.04,-0.03,-0.03,-0.06,0.82,0.34,3.17,15.93,26.28
-1.04,-0.03,-0.03,-0.06,0.82,0.34,3.5,16.42,26.53
-1.04,-0.03,-0.03,-0.12,0.89,0.34,3.33,16.27,26.92
-1.04,-0.03,-0.03,-0.06,0.85,0.34,3.41,16.32,27.24
-1.04,-0.03,-0.04,-0.12,0.85,0.31,3.31,16.11,26.77
-1.04,-0.03,-0.04,-0.06,0.95,0.37,3.37,16.36,26.99
-1.04,-0.03,-0.04,-0.06,0.95,0.37,3.25,16.09,26.85
-1.04,-0.03,-0.04,-0.06,0.89,0.34,3.36,16.29,26.6
-1.04,-0.03,-0.03,-0.09,0.85,0.34,2.99,16.08,26.82
-1.04,-0.03,-0.03,-0.06,0.95,0.34,3.08,16.07,27.32
-1.04,-0.03,-0.04,-0.03,0.89,0.27,3.34,16.02,27.01
-1.05,-0.03,-0.04,0.09,0.95,0.31,3.3,16.42,27.06
-1.04,-0.03,-0.04,-0.09,0.82,0.37,2.98,15.94,26.33
-1.04,-0.03,-0.03,-0.15,0.98,0.37,3.17,15.93,26.56
-1.04,-0.03,-0.04,-0.03,0.95,0.31,3.23,16.31,26.27
-1.04,-0.03,-0.04,-0.09,0.82,0.31,2.96,16.35,26.76
-1.04,-0.03,-0.04,-0.09,0.95,0.31,3.35,16.39,26.7
-1.05,-0.03,-0.04,-0.06,0.92,0.31,3.39,16.1,26.48
-1.05,-0.03,-0.03,-0.06,0.89,0.31,3.16,16.29,27.56
-1.05,-0.03,-0.03,-0.03,0.82,0.34,3.36,15.88,27.17
-1.04,-0.03,-0.04,-0.03,0.89,0.34,3.27,16.25,27.69
-1.04,-0.03,-0.03,-0.06,0.89,0.34,3.34,16.22,27.58
-1.04,-0.03,-0.04,-0.06,0.89,0.21,3.24,16.55,27.61
-1.05,-0.03,-0.03,-0.09,0.89,0.34,3.31,16.06,27.52
-1.04,-0.03,-0.03,-0.06,1.01,0.37,3.02,16.46,27.94
-1.05,-0.03,-0.03,-0.12,0.95,0.31,3.22,16.43,27.55
-1.04,-0.03,-0.04,0.03,0.89,0.31,3.31,16.44,27.57
-1.04,-0.03,-0.04,-0.06,0.95,0.37,3.22,16.4,27.25
-1.05,-0.03,-0.04,-0.12,0.89,0.31,3.01,16.37,27.71
-1.04,-0.03,-0.04,-0.06,0.98,0.37,3.11,16.37,27.49
-1.04,-0.03,-0.04,-0.09,0.92,0.34,3.2,16.27,27.44
-1.04,-0.03,-0.04,-0.06,0.95,0.37,3.31,16.29,26.47
-1.04,-0.03,-0.03,-0.09,0.95,0.37,3.33,16.74,27.24
-1.04,-0.03,-0.04,-0.12,0.92,0.24,3.04,16.2,27.72
-1.04,-0.03,-0.03,-0.06,0.92,0.37,3.21,16.4,27.4
-1.05,-0.03,-0.04,-0.09,0.89,0.37,3.32,16.49,27.65
-1.04,-0.03,-0.03,0.0,0.95,0.37,3.42,16.25,27.24
-1.05,-0.03,-0.03,-0.12,0.92,0.27,3.24,16.3,27.0
-1.04,-0.03,-0.04,-0.06,0.98,0.34,3.15,16.26,26.85
-1.04,-0.03,-0.03,-0.09,0.89,0.37,3.26,16.28,27.11
-1.04,-0.03,-0.03,-0.09,0.89,0.4,3.3,16.42,27.3
-1.04,-0.03,-0.04,-0.03,0.95,0.34,3.34,16.21,27.12
-1.04,-0.03,-0.03,-0.09,0.89,0.31,3.16,16.56,26.87
-1.05,-0.03,-0.03,-0.03,0.82,0.31,3.2,16.41,27.16
-1.04,-0.03,-0.03,-0.09,0.95,0.37,3.55,16.02,27.35
-1.04,-0.03,-0.04,-0.09,0.89,0.27,3.13,16.38,27.43
-1.05,-0.03,-0.03,-0.15,0.95,0.34,3.4,16.59,27.62
-1.04,-0.03,-0.03,-0.06,0.92,0.31,3.21,16.52,27.31
-1.04,-0.03,-0.03,-0.09,0.98,0.37,3.44,16.37,27.18
-1.04,-0.03,-0.03,-0.09,0.95,0.24,3.42,16.3,26.97
-1.04,-0.03,-0.04,-0.06,0.89,0.31,3.2,16.35,26.47
-1.04,-0.03,-0.04,-0.03,0.98,0.27,3.35,16.3,26.99
-1.05,-0.03,-0.04,-0.12,0.85,0.37,3.5,16.2,27.28
-1.04,-0.03,-0.04,-0.12,0.95,0.43,3.36,16.4,27.48
-1.04,-0.03,-0.03,-0.03,0.92,0.27,3.32,16.13,26.71
-1.04,-0.03,-0.03,-0.06,0.89,0.21,3.26,16.4,26.9
-1.05,-0.03,-0.03,-0.06,0.95,0.31,3.23,15.98,26.68
-1.04,-0.03,-0.03,-0.06,0.89,0.31,3.33,16.18,26.5
-1.05,-0.03,-0.04,0.0,0.89,0.31,3.55,15.88,27.03
-1.05,-0.03,-0.03,-0.03,0.82,0.31,3.43,16.24,27.08
-1.05,-0.03,-0.03,-0.15,0.95,0.27,3.5,16.07,27.0
-1.04,-0.03,-0.04,0.03,0.92,0.31,3.71,16.22,26.62
-1.04,-0.03,-0.04,-0.12,0.92,0.31,3.54,15.91,27.16
-1.05,-0.03,-0.04,-0.12,0.92,0.34,3.53,16.24,27.08
-1.04,-0.03,-0.04,-0.12,0.85,0.27,3.58,16.06,27.2
-1.04,-0.03,-0.03,-0.06,0.95,0.37,3.48,16.32,27.47
-1.04,-0.03,-0.03,-0.09,0.79,0.37,3.4,16.13,26.71
-1.05,-0.03,-0.04,-0.06,0.92,0.27,3.5,16.27,27.07
-1.04,-0.03,-0.04,-0.06,0.89,0.27,3.37,16.03,26.86
-1.04,-0.03,-0.04,-0.03,0.98,0.37,3.36,16.37,27.2
-1.04,-0.03,-0.03,0.06,0.85,0.34,3.3,16.05,27.16
-1.04,-0.03,-0.04,-0.06,0.85,0.31,3.45,16.3,26.8
-1.04,-0.03,-0.04,-0.06,0.92,0.34,3.3,16.09,26.66
-1.04,-0.03,-0.04,-0.09,0.92,0.34,3.24,16.25,26.77
-1.05,-0.03,-0.04,-0.03,0.92,0.37,3.3,15.98,26.37
-1.04,-0.03,-0.04,-0.12,0.82,0.34,3.26,16.4,26.75
-1.04,-0.03,-0.04,0.0,0.89,0.37,2.96,16.0,26.66
-1.04,-0.03,-0.04,-0.09,0.92,0.31,3.08,16.01,26.75
-1.04,-0.03,-0.04,-0.18,0.79,0.31,3.14,16.14,26.97
-1.05,-0.03,-0.04,-0.06,0.89,0.31,3.01,16.47,26.5
-1.04,-0.03,-0.04,-0.09,0.98,0.31,3.39,16.05,27.05
-1.04,-0.03,-0.03,0.06,0.92,0.31,3.55,16.55,27.63
-1.04,-0.03,-0.03,-0.06,0.89,0.34,3.38,16.18,27.69
-1.04,-0.03,-0.03,0.06,0.98,0.34,3.4,16.42,27.75
-1.04,-0.03,-0.03,-0.03,0.85,0.4,3.18,16.12,26.49
-1.05,-0.03,-0.03,-0.09,0.98,0.31,3.42,16.37,26.96
-1.04,-0.03,-0.03,0.0,0.85,0.37,3.29,16.09,26.64
-1.04,-0.03,-0.04,-0.09,0.95,0.31,3.66,16.32,26.92
-1.04,-0.03,-0.03,-0.18,0.89,0.34,3.4,15.81,27.05
-1.04,-0.03,-0.03,-0.06,0.92,0.34,3.64,16.46,26.83
-1.04,-0.03,-0.03,-0.15,0.89,0.34,3.37,16.08,26.69
-1.04,-0.03,-0.03,-0.12,0.92,0.34,3.46,16.11,26.44
-1.05,-0.03,-0.03,-0.09,0.95,0.4,3.23,16.28,27.14
-1.04,-0.03,-0.04,-0.12,0.95,0.43,3.32,16.27,27.03
-1.04,-0.03,-0.04,-0.06,0.95,0.37,3.09,16.0,26.48
-1.04,-0.03,-0.03,-0.09,0.89,0.37,3.08,16.09,26.98
-1.04,-0.03,-0.04,-0.06,0.89,0.27,3.41,15.82,26.8
-1.05,-0.03,-0.03,-0.03,0.89,0.27,3.36,15.93,26.58
-1.04,-0.03,-0.03,-0.12,0.89,0.31,3.27,16.12,26.21
-1.04,-0.03,-0.03,-0.06,0.98,0.27,3.28,16.2,26.36
-1.04,-0.03,-0.04,-0.15,1.04,0.4,3.36,16.12,26.69
-1.04,-0.03,-0.03,-0.06,0.92,0.27,3.35,16.1,26.93
-1.04,-0.03,-0.04,-0.12,0.95,0.34,3.45,15.94,26.78
-1.04,-0.03,-0.03,-0.06,0.89,0.37,3.38,16.06,26.94
-1.04,-0.03,-0.03,-0.12,0.82,0.43,3.65,16.09,27.32
-1.04,-0.03,-0.04,-0.09,0.89,0.27,3.33,16.0,26.77
-1.04,-0.03,-0.03,-0.03,0.89,0.37,3.41,16.28,26.79
-1.04,-0.03,-0.03,-0.09,0.95,0.37,3.21,16.32,27.01
-1.05,-0.03,-0.03,-0.12,0.89,0.31,3.47,16.36,26.4
-1.04,-0.03,-0.03,-0.12,0.89,0.27,3.16,16.46,26.59
-1.04,-0.03,-0.04,-0.03,1.01,0.24,3.13,16.35,26.85
-1.04,-0.03,-0.03,-0.09,0.95,0.4,3.4,16.32,26.84
-1.04,-0.03,-0.04,-0.06,0.89,0.34,3.3,16.51,26.84
-1.04,-0.03,-0.03,-0.09,0.85,0.31,3.23,16.28,27.06
-1.04,-0.03,-0.04,-0.18,1.01,0.21,2.92,16.46,27.23
-1.04,-0.03,-0.04,-0.09,0.85,0.4,3.28,16.3,27.14
-1.05,-0.03,-0.04,-0.06,0.89,0.37,3.32,16.46,27.33
-1.04,-0.03,-0.03,-0.09,0.98,0.31,3.2,16.55,27.2
-1.04,-0.03,-0.04,-0.06,0.95,0.31,3.26,16.06,26.74
-1.04,-0.03,-0.03,-0.12,0.92,0.37,3.29,16.25,26.75
-1.04,-0.03,-0.04,-0.12,0.89,0.27,3.21,16.34,26.5
-1.04,-0.03,-0.04,-0.06,0.95,0.37,3.32,16.4,26.96
-1.04,-0.03,-0.04,0.0,0.89,0.37,3.34,16.07,26.62
-1.04,-0.03,-0.04,-0.12,0.89,0.37,3.58,16.06,26.71
